
INSERT INTO hallgato (id, nev) VALUES
('ÁD.1122', 'Árva Dóra'),
('ÁE.4776', 'Ádám Eszter'),
('AG.3206', 'Alsó Gábor'),
('AJ.0935', 'Almási Jenő'),
('ÁP.8870', 'Ábel Pál'),
('ÁS.0777', 'Ádám Sándor'),
('ÁS.7670', 'Ádám Szurázs'),
('AZ.4317', 'Almási Zoltán'),
('BA.0955', 'Barta Attila'),
('BA.1855', 'Benedek Attila'),
('BA.2113', 'Bordás Anna Lili'),
('BÁ.4304', 'Bodor Ádám'),
('BÁ.5107', 'Balogh Ákos'),
('BÁ.5302', 'Bognár Ágnes'),
('BA.7082', 'Bor Attila'),
('BA.7773', 'Bodnár Anita Réka'),
('BB.2406', 'Berger Betti'),
('BB.4513', 'Bereczki Bernadett'),
('BB.4956', 'Bóka Bernadett'),
('BB.6597', 'Balog Blanka Júlia'),
('BB.8483', 'Benkő Blanka'),
('BC.3256', 'Binszki Cintia'),
('BC.6620', 'Beke Csenge Kata'),
('BD.1068', 'Bodnár Dóra'),
('BD.2876', 'Benkő Diána'),
('BD.5403', 'Borbás Dorottya'),
('BD.7017', 'Bányai Dóra'),
('BD.8119', 'Barta Dalma'),
('BE.0806', 'Blum Emil'),
('BE.0864', 'Bedő Emil'),
('BE.1945', 'Budai Enikő'),
('BE.4516', 'Barta Emese'),
('BÉ.5035', 'Benkő Éva'),
('BE.5502', 'Bronner Eta'),
('BÉ.6009', 'Bálint Éva'),
('BÉ.6108', 'Bérczi Éva'),
('BF.6471', 'Bató Franciska'),
('BF.9222', 'Balla Flóra'),
('BG.0504', 'Bori Győző'),
('BG.0584', 'Borbély Gábor'),
('BG.9979', 'Balogh Gusztáv'),
('BH.2477', 'Bertók Helga'),
('BI.0599', 'Berényi István'),
('BI.7214', 'Bíró Ivett'),
('BJ.1909', 'Balog Johanna Ágnes'),
('BJ.2171', 'Bodosi Júlia Anna'),
('BJ.3138', 'Bog József'),
('BJ.6683', 'Bakos Jácint'),
('BJ.9084', 'Borka János'),
('BK.0518', 'Bitó Kálmán'),
('BK.2557', 'Bálint Kitti'),
('BK.2795', 'Borbás Kis Nóra Kata'),
('BK.5793', 'Bata Kitti'),
('BK.9031', 'Baranyi Kinga'),
('BK.9868', 'Borisz Kinga'),
('BL.1618', 'Boldizsár Lili'),
('BL.1963', 'Balogh Lili'),
('BL.2288', 'Béres Laura'),
('BL.2493', 'Bognár Lili'),
('BL.3216', 'Botos László'),
('BL.4357', 'Bild László'),
('BL.4380', 'Borcsa Lajos'),
('BM.2708', 'Budavári Melitta'),
('BM.8747', 'Bencsik Mónika'),
('BO.5754', 'Budai Orsolya'),
('BP.1705', 'Bánfi Péter'),
('BP.4530', 'Balog Pál'),
('BP.9080', 'Bóna Petra'),
('BR.2130', 'Bálint Réka Zsófia'),
('BR.4487', 'Bárány Renáta'),
('BR.6915', 'Bajnai Rita'),
('BR.7690', 'Bozóki Róbert'),
('BR.7818', 'Béla Rebeka Judit'),
('BR.7944', 'Barna Róbert'),
('BS.8812', 'Borsos Szilvia'),
('BT.1841', 'Bózsó Tamás'),
('BT.4289', 'Bogdándi Tamara'),
('BT.6827', 'Bitó Tamás'),
('BT.7290', 'Bíró Tamás'),
('BT.9896', 'Boldog Tamás'),
('BV.1252', 'Bortoli Viktória'),
('BV.3992', 'Berta Viola'),
('BV.6067', 'Buda Vanessza'),
('BV.8613', 'Bánfalvi Virág Sarolta'),
('BZ.5983', 'Buzás Zoltán'),
('BZ.9764', 'Benkő Zsófia'),
('CA.0110', 'Csonka Andrea Kata'),
('CA.0932', 'Csom Andrea'),
('CA.3447', 'Csanády Alexandra'),
('CA.5867', 'Csiszár Aliz'),
('CB.0357', 'Császár Beáta'),
('CB.9649', 'Csorba Brigitta Krisztina'),
('CC.8149', 'Csuka Csaba'),
('CE.9033', 'Csepp Endre'),
('CI.3333', 'Csordás István'),
('CK.7336', 'Csíbor Kata'),
('CL.2002', 'Csonka Lili Lujza'),
('CL.7897', 'Csontos Lilla'),
('CM.4548', 'Csizmadia Mónika'),
('CN.2071', 'Csapó Nikolett Klára'),
('CP.3774', 'Csóti Petra'),
('CP.6245', 'Csáki Pál'),
('DD.1368', 'Dávid Ditta'),
('DD.1631', 'Deme Daniella'),
('DE.4400', 'Dorogi Endre'),
('DF.0284', 'Duma Flóra'),
('DF.9341', 'Démon Fanni'),
('DH.0622', 'Deák Helga Klára'),
('DK.7517', 'Debreceni Kata'),
('DM.1593', 'Dobi Mónika'),
('DN.4292', 'Dóka Nóra Judit'),
('DO.7540', 'Déri Ottó'),
('DP.2664', 'Dobó Péter'),
('DP.6361', 'Dancs Petra'),
('DP.8019', 'Dani Petra'),
('DR.0586', 'Dombovári Réka'),
('DT.2128', 'Dábity Tamás'),
('DT.3892', 'Dömötör Tamás'),
('DT.8003', 'Davidov Tamás'),
('DZ.0482', 'Dudás Zoltán'),
('DZ.2573', 'Dombi Zsolt'),
('DZ.3353', 'Domonkos Zsolt'),
('DZ.5170', 'Dócz Zsolt'),
('EA.6644', 'Eszes Albert'),
('EB.5954', 'Erdélyi Brigitta'),
('EF.1115', 'Elek Flóra'),
('EH.0733', 'Esztergályos Henrietta'),
('ÉI.1320', 'Ébner István'),
('ÉI.1563', 'Éger Imre'),
('EI.6287', 'Erdélyi Ivana'),
('EJ.8890', 'Elek József'),
('EL.3713', 'Erdélyi Lilla'),
('ET.9171', 'Eisner Tímea'),
('EZ.8360', 'Engi Zsolt'),
('FA.0859', 'Faragó Anna'),
('FA.2291', 'Falch Anna'),
('FA.4088', 'Farkas Anikó'),
('FA.7252', 'Farkas Attila'),
('FB.3081', 'Fazekas Béla'),
('FB.6369', 'Fekete Balázs'),
('FB.9611', 'Farkas Béla'),
('FC.6932', 'Füst Csenge'),
('FE.7877', 'Farkas Elek'),
('FG.2306', 'Forrai Gerda'),
('FI.0444', 'Fábián Imre'),
('FI.2594', 'Fazekas Ildikó'),
('FI.4848', 'Farkas István'),
('FI.7903', 'Forgó Imre'),
('FK.0490', 'Farkas Karl'),
('FK.2581', 'Földesi Kálmán'),
('FK.5630', 'Földesi Katalin Ida'),
('FK.6713', 'Forgó Krisztina'),
('FL.5093', 'Fábián Lili'),
('FM.2056', 'Farkas Mihály'),
('FM.2490', 'Fenyves Mózes'),
('FN.3441', 'Fehér Noémi'),
('FN.9800', 'Fődi Norbert'),
('FR.6982', 'Fogó Ramóna'),
('FS.9718', 'Fodor Sára Réka'),
('FV.6217', 'Farkas Vilmos'),
('FV.9396', 'Fekete Vivien'),
('FZ.0441', 'Fejes Zsófia'),
('FZ.2691', 'Fodor Zsófia'),
('GA.2975', 'Gyetvai Anna'),
('GA.5549', 'Gál Anna'),
('GA.5664', 'Grúber Anna'),
('GA.7092', 'Gábor Anna'),
('GD.2000', 'Gyurcsik Dorina'),
('GD.2662', 'Gors Dóra'),
('GF.0541', 'Gyulai Flórián'),
('GF.0708', 'Gőcze Fanni Zsófia'),
('GF.7188', 'Gyimesi Fruzsina'),
('GG.4642', 'Gyapjas György'),
('GJ.3600', 'Gömöri József'),
('GK.1748', 'Garai Katalin'),
('GL.2493', 'Garadnai László'),
('GN.4133', 'Guzmin Natália'),
('GN.4140', 'Guttmann Nóra Gréta'),
('GP.7213', 'Gyulai Petra'),
('GZ.1249', 'Gyömbér Zsófia'),
('GZ.2610', 'Gyurik Zsigmond'),
('HA.2913', 'Horváth Antal'),
('HA.5132', 'Horváth Annamária'),
('HA.6109', 'Halmos Anikó'),
('HÁ.9604', 'Horváth Ágota'),
('HB.0756', 'Horváth Balázs'),
('HB.5620', 'Hursán Barbara'),
('HD.3180', 'Hegedüs Dóra'),
('HD.5835', 'Hámori Dóra'),
('HD.9079', 'Hódi Dominika Ágnes'),
('HE.1802', 'Hoffmann Edit'),
('HE.4604', 'Horváth Ervin'),
('HF.1310', 'Hajas Fruzsina'),
('HG.8463', 'Holzi Gusztáv'),
('HI.0471', 'Hódi István'),
('HI.5860', 'Horváth Ildikó'),
('HJ.9546', 'Hrúz József'),
('HK.4101', 'Hamar Károly'),
('HL.3046', 'Hódi Lajos'),
('HL.5256', 'Hegedűs Lilla'),
('HL.9827', 'Haraszti Lilla'),
('HM.1325', 'Hajdú Márk'),
('HN.3762', 'Hrisztov Nikolett'),
('HO.9226', 'Herédi Orsolya'),
('HP.4209', 'Halmosi Petra'),
('HR.4421', 'Horváth Rita'),
('HR.5369', 'Hegyközi Réka'),
('HR.6312', 'Horányi Róbert'),
('HR.9880', 'Hirzer Róbert'),
('HT.2648', 'Herédi Tímea Emese'),
('HT.7473', 'Hajhtsa Tamás'),
('HZ.0315', 'Happ Zoltán'),
('HZ.1789', 'Halász Zoltán'),
('HZ.5970', 'Herceg Zsolt'),
('IB.2626', 'Illés Borbála Éva'),
('IB.7575', 'Illés Béla'),
('IN.5792', 'Izsó Norbert'),
('IR.6871', 'Ilkei Réka Emese'),
('IS.0514', 'Irinyi Sára Réka'),
('IV.8600', 'István Vanessa'),
('JA.0000', 'Jónás Alexandra'),
('JÁ.0898', 'Juhász Ákos'),
('JA.1261', 'Jónás Anasztázia'),
('JA.9259', 'Jován Annabella'),
('JC.5136', 'Juhász Csaba'),
('JE.5179', 'Janka Eszter Dalma'),
('JF.5515', 'Jag Fruzsina Bernadett'),
('JF.5763', 'Jeny Frigyes'),
('JP.2869', 'Javai Petra'),
('JP.5653', 'Jeszmás Péter'),
('JR.7464', 'Juhász Rezső'),
('JT.2233', 'Jenei Tibor'),
('JT.5373', 'Juhász Tünde Dóra'),
('JZ.0375', 'Juhász Zita'),
('JZ.1385', 'Juhász Zita Zsófia'),
('JZ.7509', 'Juhász Zsuzsanna'),
('KA.2208', 'Kovács Annamária'),
('KA.3293', 'Kiss Anna Magdolna'),
('KÁ.3479', 'Karsai Áron'),
('KA.3780', 'Kovács Annamária'),
('KA.4781', 'Kármán Anna Katalin'),
('KA.5612', 'Kincses Annamária'),
('KA.6760', 'Kiss Anna'),
('KÁ.7195', 'Kovács Árpád'),
('KA.7622', 'Kertész Annamária'),
('KÁ.8010', 'Kincses Ágota'),
('KÁ.8897', 'Kardos Ákos'),
('KÁ.9181', 'Kónya Ádám'),
('KA.9211', 'Kristóf Anna'),
('KB.0973', 'Kuti Blanka'),
('KB.1173', 'Kovai Balázs'),
('KB.1685', 'Kovács Blanka'),
('KB.7935', 'Kőszegi Béla'),
('KD.0506', 'Kiss Dóra'),
('KD.0713', 'Kurucz Dorottya'),
('KD.2748', 'Karlsen Dóra'),
('KD.6239', 'Kincses Dezső'),
('KD.9655', 'Kováts Dzsenifer'),
('KE.1884', 'Kautzky Evelin'),
('KE.5770', 'Kovács Ede'),
('KE.7992', 'Kovács Eszter'),
('KE.9613', 'Keszthelyi Evelin'),
('KF.4505', 'Koch Ferenc'),
('KF.5885', 'Kiss Fanni Lívia'),
('KG.2387', 'Kisó Gábor'),
('KG.2937', 'Kovács Gábor'),
('KG.5759', 'Koródy Gábor'),
('KG.6854', 'Kovács Gábor'),
('KG.6963', 'Király Gábor'),
('KG.9294', 'Keresztes Géza'),
('KG.9667', 'Kárpáti Gréta'),
('KH.2825', 'Kemény Henrietta'),
('KI.1361', 'Klaumer István'),
('KI.8112', 'Kun István'),
('KI.8812', 'Kovács Imre'),
('KJ.0231', 'Kipall Judit'),
('KJ.7692', 'Kaltenbrunner József'),
('KK.6508', 'Komlósi Katalin'),
('KK.6853', 'Kovács Klaudia'),
('KK.9708', 'Kelemen Kálmán'),
('KL.0128', 'Konrád Lilla'),
('KL.0555', 'Katona Lilla'),
('KL.1723', 'Kószó Laura'),
('KL.2811', 'Katona Lilla'),
('KL.3512', 'Kockás Laura'),
('KL.3902', 'Kovács Lilla Krisztina'),
('KL.4494', 'Kereki Lilla Sára'),
('KM.0064', 'Kis Melitta Éva'),
('KM.5655', 'Kis Mercédesz'),
('KM.6649', 'Karasi Melinda'),
('KM.8913', 'Komáromi Mátyás'),
('KM.9421', 'Kiss-Szabó Mihály'),
('KN.2792', 'Kiss Noémi Lilla'),
('KN.4319', 'Koch Nikolett'),
('KN.5091', 'Kremp Noémi'),
('KN.8193', 'Kónya Nikolett'),
('KN.8713', 'Király Nikolett'),
('KO.3883', 'Kasznár Ottó'),
('KO.5545', 'Kerekes Ottó'),
('KO.6324', 'Korsós Ottó'),
('KO.6387', 'Kiss Oszkár'),
('KO.6867', 'Kopasz Olivér'),
('KO.7409', 'Kecskés Ottó'),
('KP.0837', 'Kovács Péter'),
('KP.1420', 'Kristóf Péter'),
('KP.2242', 'Kertész Péter'),
('KP.9401', 'Kincses Péter'),
('KP.9436', 'Késmárky Petra'),
('KR.0630', 'Kállai Réka'),
('KR.1250', 'Kónya Rebeka'),
('KR.2012', 'Kis Rebeka Anna'),
('KR.2297', 'Kozmann Réka'),
('KR.7990', 'Király Réka Anna'),
('KR.8740', 'Kispéter Richárd'),
('KS.2599', 'Kovács Szabolcs'),
('KT.0459', 'Kamarás Tekla'),
('KT.3375', 'Kószó Tímea'),
('KT.3693', 'Korcsok Tímea'),
('KT.5463', 'Kővágó Temir'),
('KT.7545', 'Kiss Tímea'),
('KT.8785', 'Kása Tamás'),
('KV.5448', 'Kolláth Vivien'),
('KV.6227', 'Kovács Vilmos'),
('KV.7158', 'Kiss Vivien'),
('KZ.0395', 'Kosztolányi Zsófia Viktória'),
('KZ.0655', 'Kószó Zsolt'),
('KZ.1562', 'Kelemen Zsófia Magdolna'),
('KZ.3839', 'Kalmár Zoltán'),
('KZ.5018', 'Kiss Zsolt'),
('KZ.5427', 'Kovács Zsófia'),
('KZ.5876', 'Károly Zita'),
('KZ.8343', 'Kertész Zoltán'),
('LA.4055', 'Lima Alexandra'),
('LA.7899', 'Lipót Alexandra Éva'),
('LC.1783', 'Lévai Csongor'),
('LD.8285', 'Ladányi Dóra Gréta'),
('LE.1664', 'Lisztes Elek'),
('LE.2285', 'Lajkó Elza'),
('LG.2970', 'Ludányi Gábor'),
('LG.7708', 'Lózung Gábor'),
('LG.7815', 'Lindh Gabriella Márta'),
('LH.6870', 'Lehóczki Hugó'),
('LI.5564', 'Lengyel István'),
('LK.8140', 'Lovai Kálmán'),
('LL.5799', 'Lázár Laura'),
('LN.4151', 'Lengyel Nóra Kata'),
('LN.8991', 'Lakatos Noémi'),
('LO.1112', 'Lukács Orsolya'),
('LO.6456', 'Leander Orsolya Virág'),
('LP.3065', 'Lauck Péter'),
('LT.9524', 'Lant Tibor'),
('LV.9121', 'Lakatos Vera'),
('LZ.3412', 'Lengyel Zsófia Edit'),
('LZ.5815', 'Lajos Zsolt'),
('MÁ.1166', 'Mester Ágnes'),
('MB.0743', 'Monostori Bettina'),
('MB.1464', 'Marsi Brigitta'),
('MB.3857', 'Molnár Blanka'),
('MD.7267', 'Magyari Dóra'),
('MÉ.0065', 'Mészáros Éva'),
('ME.0837', 'Maróti Enikő'),
('ME.5005', 'Mészáros Eszter Aliz'),
('ME.5423', 'Mészáros Ernő'),
('MF.5886', 'Márton Ferenc'),
('MG.0051', 'Markos Gábor'),
('MG.2583', 'Mészáros Gergely'),
('MG.4956', 'Mészáros Gábor'),
('MI.1330', 'Moli Imre'),
('MI.8474', 'Matuszka István'),
('MJ.6976', 'Mészáros Judit Enikő'),
('MK.5059', 'Molnár Katalin'),
('MK.6085', 'Makra Kitti Ildikó'),
('ML.8721', 'Molnár Levente'),
('ML.8755', 'Márkus Luca'),
('MM.1932', 'Mike Mátyás'),
('MM.7225', 'Miklósi Miklós'),
('MN.2313', 'Máté Nikolett'),
('MN.5413', 'Mind Norbert'),
('MN.9696', 'Molnár Nóra'),
('MP.1548', 'Marton Pál'),
('MP.1869', 'Minek Péter'),
('MP.2200', 'Magyar Patrícia'),
('MP.4948', 'Molnár Péter'),
('MR.0674', 'Molnár Roland'),
('MR.2266', 'Molnár Róbert'),
('MR.4488', 'Máté Róbert'),
('MR.6252', 'Müller Réka'),
('MR.9395', 'Marosi Róbert'),
('MT.8909', 'Mészáros Tamás'),
('MV.6897', 'Mészáros Viola'),
('MZ.0921', 'Molnár Zsigmond'),
('MZ.4492', 'Masa Zsolt'),
('MZ.6513', 'Mezőlaki Zoltán'),
('MZ.7231', 'Mach Zsanett'),
('NÁ.0883', 'Nagy Ágnes'),
('NA.3383', 'Nádudvari Anna'),
('NA.4463', 'Nagy Anita'),
('NÁ.8086', 'Nagy Ágost'),
('NA.8989', 'Nemes Anna'),
('NB.3720', 'Nyolcas Blanka'),
('ND.5203', 'Nemes Dóra'),
('NE.7433', 'Nagy Edina'),
('NE.8592', 'Nagy Emese'),
('NE.8938', 'Németh Ernő'),
('NF.2425', 'Nyári Ferenc'),
('NF.3575', 'Nagy Flóra'),
('NG.2881', 'Nagy Georgina'),
('NG.3685', 'Novák Gábor'),
('NI.0775', 'Németh Imre'),
('NI.0802', 'Nyári Imre'),
('NI.7875', 'Nagy Izabella Diána'),
('NI.9715', 'Nagy Imre'),
('NJ.4459', 'Németh Johanna Réka'),
('NJ.5694', 'Nagy József'),
('NK.3080', 'Nagy Kata'),
('NK.3783', 'Nógrádi Klaudia'),
('NK.4348', 'Nagy Krisztina'),
('NL.0666', 'Nagy Lili'),
('NL.4599', 'Nagy Lajos'),
('NM.2008', 'Nagy Mónika'),
('NN.1187', 'Nemes Nikolett'),
('NN.1936', 'Nagy Norbert'),
('NN.4315', 'Nikk Nándor'),
('NP.5412', 'Nyers Péter'),
('NS.0091', 'Nagy Szimonetta'),
('NS.3996', 'Nik Sándor'),
('NS.4608', 'Nyíl Szonja'),
('NT.2825', 'Nyakas Tamás'),
('OB.4080', 'Opál Bettina'),
('OB.8264', 'Olajos Boglárka Gyöngyi'),
('OI.5285', 'Olasz István'),
('OZ.4473', 'Orosz Zita Ildikó'),
('OZ.4561', 'Ormos Zita Mária'),
('OZ.6658', 'Oláh Zsóka'),
('ÖI.7617', 'Ördög Ildikó'),
('ÖK.7126', 'Ördög Kálmán'),
('PA.3366', 'Pribai Anna'),
('PÁ.8866', 'Péter Áron'),
('PB.2815', 'Polgár Beáta'),
('PB.8902', 'Pusztai Béla'),
('PC.4269', 'Pálfi Csilla'),
('PC.8778', 'Petres Csaba'),
('PD.1010', 'Pászti Dénes'),
('PE.3881', 'Pipás Endre'),
('PF.7375', 'Papp Fanni Erika'),
('PG.1224', 'Puskás Géza'),
('PG.8846', 'Pótz Győző'),
('PH.1891', 'Püspök Hugó'),
('PJ.2796', 'Palotai János'),
('PJ.7593', 'Papp János'),
('PK.8359', 'Papp Krisztina Erika'),
('PK.9395', 'Pölös Kata Enikő'),
('PL.3848', 'Pásztor Lívia'),
('PL.7005', 'Pataki Lilla Brigitta'),
('PL.8174', 'Püski László'),
('PM.3407', 'Pálinkás Mónika Krisztina'),
('PN.4200', 'Plólyik Noémi'),
('PP.3278', 'Pusztai Petra'),
('PR.2086', 'Pintér Renáta'),
('PR.4192', 'Papp Réka Sarolt'),
('PR.7953', 'Pálos Réka'),
('PT.6509', 'Pásztor Tibor'),
('PT.8998', 'Pintér Tímea Kitti'),
('PV.9623', 'Pók Veronika'),
('PZ.1760', 'Patyi Zita'),
('PZ.3422', 'Presszer Zita Orsolya'),
('PZ.5131', 'Pályi Zsuzsanna'),
('PZ.5820', 'Pisty Zsolt'),
('RÁ.0491', 'Rudas Ágnes'),
('RA.1998', 'Rómer Andrea'),
('RA.8864', 'Rácz Anna'),
('RÁ.9031', 'Rákos Ágnes'),
('RI.3240', 'Rém Igor'),
('RI.9112', 'Réti Imre'),
('RK.5679', 'Réti Karen'),
('RL.4390', 'Réti Lilla'),
('RN.8935', 'Rácz Nóra'),
('RR.1938', 'Rovó Rea'),
('RV.2715', 'Révész Viktória'),
('SA.0726', 'Sebők Anikó Dorina'),
('SÁ.0875', 'Selmeci Ágnes'),
('SÁ.1945', 'Szabó Ábel'),
('SA.2066', 'Szabó Anett'),
('SÁ.2118', 'Sári Ágnes'),
('SA.3491', 'Schaff Aladár'),
('SA.3924', 'Sebő Attila'),
('SA.4395', 'Sebok Anna'),
('SA.5243', 'Skvar Annamária Eszter'),
('SA.5551', 'Sári Anett'),
('SB.1519', 'Sipos Borbála'),
('SB.1666', 'Sági Barbara Emma'),
('SB.4943', 'Szilágyi Bence'),
('SB.5094', 'Spák Bernadett'),
('SB.5954', 'Szántó Balázs'),
('SB.7380', 'Szósz Boglárka'),
('SB.9363', 'Szabó Bettina'),
('SB.9701', 'Sebestyén Béla'),
('SC.0593', 'Séra Csilla'),
('SC.0666', 'Szabó Csaba'),
('SD.3531', 'Sipos Dária Zsuzsanna'),
('SD.4324', 'Szabados Dezső'),
('SE.4988', 'Szolnoki Eszter'),
('SE.5166', 'Seprenyi Edit'),
('SE.8312', 'Sár Endre'),
('SF.4730', 'Szabó Flóra'),
('SG.0052', 'Seres Gabriella Mária'),
('SG.0599', 'Sütő Gábor'),
('SG.2482', 'Sarlós György'),
('SG.4287', 'Szabó Gyöngyi'),
('SG.4984', 'Szekeres Gábor'),
('SG.6461', 'Szűcs Géza'),
('SG.6711', 'Szabó György'),
('SG.6867', 'Sebők Gerda'),
('SI.4200', 'Szűcs Imre'),
('SI.5588', 'Sebes Igor'),
('SI.5869', 'Sas Imola'),
('SI.9506', 'Sáry István'),
('SJ.3347', 'Somi József'),
('SJ.5290', 'Szabó János'),
('SJ.8094', 'Savanya Judit'),
('SK.0547', 'Szentei Kata'),
('SK.4533', 'Szűcs Kitti'),
('SK.6666', 'Szelei Károly'),
('SK.7549', 'Sós Krisztián'),
('SK.7904', 'Siklósi Kálmán'),
('SK.8056', 'Schulcz Károly'),
('SK.9881', 'Szántó Katinka Mandula'),
('SL.0953', 'Szalma Lajos'),
('SL.0974', 'Stofin Luca Lídia'),
('SL.2776', 'Sima Lili Barbara'),
('SL.3904', 'Szilasi Lili'),
('SL.7295', 'Szedlacsek Luca'),
('SM.0077', 'Stabb Mercédesz'),
('SM.9865', 'Szabó Máté'),
('SN.0628', 'Szőke Noémi Eszter'),
('SN.6134', 'Samu Nóra'),
('SN.8048', 'Szokai Nóra'),
('SO.1532', 'Sümegi Ottó'),
('SÖ.4080', 'Szónok Ödön'),
('SP.1261', 'Szőke Péter'),
('SP.3373', 'Seik Péter'),
('SP.6924', 'Szabó Pál'),
('SP.7024', 'Szabó Pál'),
('SP.7181', 'Sós Péter'),
('SP.8177', 'Savanya Patrícia'),
('SR.0771', 'Som Róbert'),
('SR.3743', 'Solti Réka'),
('SR.9913', 'Szántó Regina'),
('ST.1388', 'Somogyi Tas'),
('ST.2390', 'Sipos Tímea'),
('ST.7445', 'Szántó Tünde Tímea'),
('ST.9977', 'Szűcs Tamás'),
('SV.4386', 'Seprenyi Viktória Liza'),
('SZ.1507', 'Solymosi Zoltán'),
('SZ.2133', 'Sebok Zsófia'),
('SZ.2526', 'Senkey Zsuzsanna'),
('SZ.3265', 'Szednicsek Zsófia'),
('SZ.3418', 'Somogyi Zsolt'),
('SZ.3537', 'Seprényi Zita'),
('SZ.5839', 'Szabó Zoltán'),
('SZ.7645', 'Szendrődi Zsuzsanna Emese'),
('SZ.8420', 'Szabó Zsófia'),
('TA.0240', 'Tóth Anna'),
('TA.1306', 'Tóth Adél'),
('TÁ.5800', 'Tornyos Ágnes'),
('TÁ.6462', 'Tóth Ágnes'),
('TB.5503', 'Takács Béla'),
('TD.0542', 'Török Dániel'),
('TD.1781', 'Tóth Dorottya'),
('TE.0616', 'Tárkány Emília'),
('TE.5035', 'Tóth Eszter'),
('TE.5221', 'Tari Enikő'),
('TF.2566', 'Török Ferenc'),
('TF.3880', 'Tari Fruzsina'),
('TG.1437', 'Török Gusztáv'),
('TG.7327', 'Tihanyi Gábor'),
('TI.6284', 'Tánczos Imre'),
('TK.9485', 'Tóth Kata Mária'),
('TL.5319', 'Tóth Luca'),
('TL.7601', 'Török Lóránt'),
('TL.8183', 'Takács Lili'),
('TM.7445', 'Tóth Márta'),
('TN.1238', 'Tánczos Nóra'),
('TO.7628', 'Terjéki Orsolya'),
('TP.5347', 'Tomma Pál'),
('TP.6487', 'Takács Pál'),
('TR.0881', 'Tóti Réka Evelin'),
('TR.9276', 'Tóth Réka'),
('TS.7842', 'Tóth Szabolcs'),
('TS.8046', 'Tatár Sándor'),
('TS.9114', 'Tóth Stella'),
('TT.5109', 'Tóth Tibor'),
('TT.9111', 'Turán Tamás'),
('TV.0831', 'Teleki Viktória'),
('TV.2732', 'Tomka Veronika'),
('TV.3306', 'Takács Viktória'),
('TZ.2930', 'Tan Zoltán'),
('TZ.4279', 'Tanács Zsófia Kata'),
('TZ.5158', 'Tari Zsófia Mariann'),
('TZ.6012', 'Tiszai Zsófia Julianna'),
('TZ.8747', 'Toldi Zoltán'),
('UD.6021', 'Urbán Dorottya'),
('UI.5361', 'Urbán István'),
('UM.2650', 'Urbán Melinda'),
('VA.0359', 'Varga András'),
('VA.0512', 'Vida Adrienn'),
('VÁ.1907', 'Varga Árpád'),
('VA.2259', 'Vass Anett'),
('VA.6073', 'Varga Alexandra'),
('VB.8083', 'Vásárhelyi Borbála'),
('VD.4792', 'Vass Diána Erika'),
('VE.3175', 'Vincze Eszter'),
('VE.9558', 'Végh Emese'),
('VF.7140', 'Varga Fanni'),
('VG.2373', 'Vastag Georgina'),
('VG.3314', 'Váradi Gréta'),
('VG.7645', 'Vég Gábor'),
('VG.9528', 'Vass Gabriella'),
('VI.6465', 'Vajna Id'),
('VJ.5418', 'Vörös József'),
('VJ.7309', 'Varga József'),
('VK.1033', 'Varga Kata Judit'),
('VK.5984', 'Virág Katalin'),
('VK.6810', 'Várkonyi Kata'),
('VK.9974', 'Varga Kristóf'),
('VL.8552', 'Varga Lajos'),
('VM.4330', 'Vlad Mónika'),
('VN.5671', 'Vidács Nóra'),
('VP.1210', 'Várkonyi Paulina'),
('VP.4293', 'Varga Péter'),
('VS.7756', 'Varga Szimonetta'),
('VT.9241', 'Varga Tímea'),
('VV.8246', 'Vincze Vivien'),
('VZ.0162', 'Veres Zoltán'),
('VZ.2157', 'Veres Zoltán'),
('VZ.6218', 'Varga Zsuzsanna'),
('VZ.9407', 'Váradi Zita'),
('WA.7808', 'Weiler András'),
('WA.8639', 'Weisz Adrienn'),
('WT.5063', 'Widek Tamás'),
('WZ.8323', 'Wollek Zoltán'),
('ZA.1437', 'Zombori Adél'),
('ZB.0230', 'Zsolnai Boglárka'),
('ZE.5201', 'Zsók Emese Zsuzsanna'),
('ZE.8808', 'Zombori Emese'),
('ZI.1687', 'Zombori Ildikó'),
('ZK.0196', 'Zerk Kata'),
('ZM.2168', 'Zádori Mátyás'),
('ZT.0107', 'Zentay Tamás'),
('ZV.6094', 'Zombori Vanessza'),
('ZZ.2484', 'Zólyomi Zsófia Katalin');


INSERT INTO jelentkezes (id, hallgatoid, vizsgaid, jeldatum, ledatum, igazolt, jegy) VALUES
(1, 'DT.3892', 29, '2006-11-29', '0000-00-00', 0, 1),
(2, 'SB.1666', 190, '2006-11-29', '0000-00-00', 0, 1),
(3, 'KL.3512', 438, '2006-11-30', '0000-00-00', 0, 4),
(4, 'SK.6666', 147, '2006-11-30', '0000-00-00', 0, 1),
(5, 'SA.3924', 329, '2006-12-01', '0000-00-00', 0, 5),
(6, 'TT.9111', 394, '2006-12-01', '0000-00-00', 0, 3),
(7, 'PK.8359', 39, '2006-12-01', '0000-00-00', 0, 2),
(8, 'HF.1310', 140, '2006-12-02', '2006-12-05', 0, 0),
(9, 'KK.6853', 256, '2006-12-03', '0000-00-00', 0, 4),
(10, 'NF.3575', 64, '2006-12-04', '0000-00-00', 0, 3),
(11, 'SC.0593', 242, '2006-12-04', '0000-00-00', 0, 2),
(12, 'FI.7903', 264, '2006-12-04', '0000-00-00', 0, 1),
(13, 'HÁ.9604', 356, '2006-12-04', '0000-00-00', 0, 1),
(14, 'CL.2002', 65, '2006-12-05', '0000-00-00', 0, 1),
(15, 'WT.5063', 189, '2006-12-05', '0000-00-00', 0, 1),
(16, 'PK.9395', 175, '2006-12-05', '0000-00-00', 0, 2),
(17, 'BA.7773', 346, '2006-12-05', '0000-00-00', 0, 3),
(18, 'MP.4948', 264, '2006-12-05', '2006-12-07', 0, 0),
(19, 'PA.3366', 103, '2006-12-05', '0000-00-00', 0, 0),
(20, 'LE.1664', 54, '2006-12-05', '0000-00-00', 0, 2),
(21, 'BÁ.5107', 442, '2006-12-05', '0000-00-00', 0, 2),
(22, 'LN.4151', 252, '2006-12-06', '2006-12-09', 0, 0),
(23, 'SL.7295', 341, '2006-12-06', '0000-00-00', -1, 0),
(24, 'HR.5369', 369, '2006-12-06', '0000-00-00', 0, 1),
(25, 'KP.1420', 361, '2006-12-06', '0000-00-00', 0, 4),
(26, 'NL.0666', 6, '2006-12-06', '2006-12-21', 0, 0),
(27, 'UD.6021', 120, '2006-12-06', '0000-00-00', 0, 1),
(28, 'SP.1261', 416, '2006-12-06', '0000-00-00', 0, 4),
(29, 'MZ.6513', 223, '2006-12-07', '0000-00-00', 0, 1),
(30, 'KG.6854', 61, '2006-12-07', '2006-12-11', 0, 0),
(31, 'KZ.0395', 134, '2006-12-07', '0000-00-00', 0, 1),
(32, 'HD.5835', 65, '2006-12-07', '0000-00-00', 0, 1),
(33, 'SM.9865', 376, '2006-12-07', '0000-00-00', 0, 1),
(34, 'BF.9222', 400, '2006-12-07', '0000-00-00', 0, 2),
(35, 'SL.7295', 426, '2006-12-08', '0000-00-00', 0, 3),
(36, 'SG.2482', 252, '2006-12-08', '0000-00-00', 0, 3),
(37, 'SG.4287', 367, '2006-12-08', '0000-00-00', 0, 4),
(38, 'PC.4269', 220, '2006-12-08', '0000-00-00', 0, 5),
(39, 'GA.5549', 18, '2006-12-08', '0000-00-00', -1, 0),
(40, 'HR.5369', 97, '2006-12-08', '0000-00-00', 0, 2),
(41, 'HT.2648', 165, '2006-12-08', '2006-12-19', 0, 0),
(42, 'BF.6471', 298, '2006-12-08', '0000-00-00', 0, 2),
(43, 'AG.3206', 230, '2006-12-08', '0000-00-00', 0, 0),
(44, 'PB.2815', 357, '2006-12-08', '0000-00-00', 0, 2),
(45, 'BJ.9084', 135, '2006-12-08', '0000-00-00', 0, 2),
(46, 'SP.7024', 354, '2006-12-09', '0000-00-00', 0, 0),
(47, 'JE.5179', 389, '2006-12-09', '0000-00-00', 0, 1),
(48, 'ZT.0107', 89, '2006-12-09', '0000-00-00', 0, 1),
(49, 'BÁ.5302', 289, '2006-12-09', '2006-12-17', 0, 0),
(50, 'NÁ.8086', 201, '2006-12-09', '0000-00-00', 0, 1),
(51, 'ZT.0107', 382, '2006-12-10', '0000-00-00', 0, 1),
(52, 'BÁ.5302', 112, '2006-12-10', '0000-00-00', 0, 0),
(53, 'BB.4513', 418, '2006-12-10', '0000-00-00', 0, 1),
(54, 'VA.0359', 127, '2006-12-10', '0000-00-00', 0, 5),
(55, 'DT.2128', 356, '2006-12-10', '0000-00-00', -1, 0),
(56, 'IB.2626', 59, '2006-12-10', '0000-00-00', 0, 3),
(57, 'KT.3375', 34, '2006-12-10', '0000-00-00', 0, 1),
(58, 'BJ.6683', 267, '2006-12-11', '2006-12-13', 0, 0),
(59, 'FI.4848', 256, '2006-12-11', '0000-00-00', 0, 2),
(60, 'MK.5059', 211, '2006-12-11', '2006-12-15', 0, 0),
(61, 'RK.5679', 55, '2006-12-11', '0000-00-00', 0, 4),
(62, 'BB.6597', 156, '2006-12-11', '0000-00-00', 0, 1),
(63, 'TT.5109', 69, '2006-12-11', '0000-00-00', 0, 4),
(64, 'FI.2594', 138, '2006-12-11', '2006-12-17', 0, 0),
(65, 'ET.9171', 421, '2006-12-11', '0000-00-00', 0, 2),
(66, 'VK.5984', 395, '2006-12-12', '0000-00-00', 0, 3),
(67, 'NG.2881', 97, '2006-12-12', '2006-12-24', 0, 0),
(68, 'SP.3373', 143, '2006-12-12', '2006-12-13', 0, 0),
(69, 'MK.6085', 433, '2006-12-12', '2006-12-16', 0, 0),
(70, 'BV.6067', 361, '2006-12-12', '0000-00-00', 0, 1),
(71, 'VK.9974', 366, '2006-12-12', '0000-00-00', -1, 0),
(72, 'SG.2482', 375, '2006-12-13', '2006-12-15', 0, 0),
(73, 'KG.2387', 174, '2006-12-13', '0000-00-00', 0, 1),
(74, 'FI.0444', 411, '2006-12-13', '0000-00-00', 0, 4),
(75, 'NJ.5694', 278, '2006-12-13', '2006-12-14', 0, 0),
(76, 'NK.4348', 204, '2006-12-13', '0000-00-00', 0, 3),
(77, 'FL.5093', 171, '2006-12-13', '0000-00-00', 0, 1),
(78, 'MP.1548', 23, '2006-12-13', '0000-00-00', 0, 1),
(79, 'NF.3575', 249, '2006-12-13', '0000-00-00', -1, 0),
(80, 'KD.6239', 371, '2006-12-13', '0000-00-00', 0, 0),
(81, 'OB.8264', 241, '2006-12-13', '0000-00-00', 0, 3),
(82, 'DP.6361', 141, '2006-12-13', '2006-12-13', 0, 0),
(83, 'FG.2306', 40, '2006-12-13', '0000-00-00', -1, 0),
(84, 'VF.7140', 333, '2006-12-13', '0000-00-00', 0, 3),
(85, 'SO.1532', 60, '2006-12-13', '0000-00-00', 0, 1),
(86, 'SM.0077', 250, '2006-12-13', '0000-00-00', 0, 1),
(87, 'KP.2242', 34, '2006-12-13', '0000-00-00', 0, 1),
(88, 'BL.2288', 297, '2006-12-13', '0000-00-00', 0, 3),
(89, 'BR.7690', 368, '2006-12-13', '0000-00-00', 0, 2),
(90, 'LD.8285', 145, '2006-12-13', '0000-00-00', 0, 3),
(91, 'BL.2493', 426, '2006-12-13', '0000-00-00', 0, 3),
(92, 'NS.0091', 405, '2006-12-13', '0000-00-00', 0, 2),
(93, 'NÁ.8086', 32, '2006-12-13', '0000-00-00', -1, 0),
(94, 'BL.1963', 300, '2006-12-13', '0000-00-00', 0, 1),
(95, 'KA.2208', 59, '2006-12-14', '0000-00-00', 0, 3),
(96, 'JA.0000', 148, '2006-12-14', '0000-00-00', 0, 2),
(97, 'FI.0444', 250, '2006-12-14', '2006-12-15', 0, 0),
(98, 'PC.4269', 26, '2006-12-14', '2006-12-16', 0, 0),
(99, 'HR.4421', 393, '2006-12-14', '0000-00-00', 0, 2),
(100, 'SZ.2133', 267, '2006-12-14', '0000-00-00', 0, 2),
(101, 'PT.6509', 398, '2006-12-14', '0000-00-00', 0, 0),
(102, 'MK.6085', 421, '2006-12-14', '0000-00-00', 0, 4),
(103, 'MB.3857', 421, '2006-12-14', '0000-00-00', -1, 0),
(104, 'HF.1310', 40, '2006-12-14', '2006-12-18', 0, 0),
(105, 'HF.1310', 243, '2006-12-14', '2006-12-14', 0, 0),
(106, 'VK.6810', 65, '2006-12-14', '0000-00-00', 0, 3),
(107, 'SB.4943', 317, '2006-12-14', '0000-00-00', -1, 0),
(108, 'RA.8864', 154, '2006-12-14', '2006-12-16', 0, 0),
(109, 'FG.2306', 97, '2006-12-14', '2006-12-16', 0, 0),
(110, 'BR.7944', 180, '2006-12-14', '0000-00-00', 0, 3),
(111, 'JT.5373', 171, '2006-12-14', '0000-00-00', 0, 1),
(112, 'ZT.0107', 280, '2006-12-14', '0000-00-00', -1, 0),
(113, 'KD.0506', 48, '2006-12-14', '0000-00-00', 0, 4),
(114, 'LT.9524', 44, '2006-12-14', '0000-00-00', 0, 3),
(115, 'VT.9241', 392, '2006-12-14', '0000-00-00', -1, 0),
(116, 'VT.9241', 222, '2006-12-14', '0000-00-00', 0, 3),
(117, 'PB.2815', 351, '2006-12-14', '2006-12-17', 0, 0),
(118, 'SG.0052', 34, '2006-12-14', '0000-00-00', 0, 1),
(119, 'MK.5059', 260, '2006-12-14', '0000-00-00', 0, 3),
(120, 'DZ.3353', 191, '2006-12-14', '0000-00-00', 0, 3),
(121, 'BT.9896', 263, '2006-12-14', '2006-12-16', 0, 0),
(122, 'FZ.2691', 336, '2006-12-14', '0000-00-00', 0, 3),
(123, 'DP.8019', 267, '2006-12-14', '0000-00-00', 0, 1),
(124, 'DT.2128', 280, '2006-12-14', '0000-00-00', 0, 3),
(125, 'PG.1224', 219, '2006-12-14', '0000-00-00', -1, 0),
(126, 'SF.4730', 440, '2006-12-14', '2006-12-22', 0, 0),
(127, 'KR.1250', 191, '2006-12-14', '0000-00-00', 0, 0),
(128, 'JZ.1385', 51, '2006-12-14', '0000-00-00', 0, 5),
(129, 'PL.7005', 375, '2006-12-14', '0000-00-00', 0, 1),
(130, 'MN.5413', 288, '2006-12-14', '0000-00-00', 0, 2),
(131, 'BR.7690', 95, '2006-12-14', '0000-00-00', 0, 2),
(132, 'VB.8083', 148, '2006-12-14', '0000-00-00', 0, 2),
(133, 'HN.3762', 234, '2006-12-14', '0000-00-00', 0, 1),
(134, 'KG.6963', 233, '2006-12-14', '0000-00-00', -1, 0),
(135, 'JZ.0375', 223, '2006-12-14', '0000-00-00', -1, 0),
(136, 'FB.3081', 435, '2006-12-14', '2006-12-15', 0, 0),
(137, 'TD.0542', 153, '2006-12-14', '0000-00-00', 0, 2),
(138, 'SK.8056', 204, '2006-12-14', '0000-00-00', -1, 0),
(139, 'ML.8755', 34, '2006-12-14', '0000-00-00', 0, 2),
(140, 'KK.6508', 142, '2006-12-15', '0000-00-00', 0, 3),
(141, 'VK.5984', 326, '2006-12-15', '2006-12-17', 0, 0),
(142, 'FS.9718', 273, '2006-12-15', '0000-00-00', 0, 1),
(143, 'FS.9718', 134, '2006-12-15', '0000-00-00', 0, 3),
(144, 'PR.7953', 68, '2006-12-15', '0000-00-00', 0, 4),
(145, 'HA.5132', 315, '2006-12-15', '2006-12-15', 0, 0),
(146, 'TZ.2930', 253, '2006-12-15', '0000-00-00', 0, 1),
(147, 'BG.0504', 141, '2006-12-15', '0000-00-00', 0, 1),
(148, 'FB.9611', 229, '2006-12-15', '0000-00-00', 0, 1),
(149, 'NJ.5694', 286, '2006-12-15', '0000-00-00', 0, 4),
(150, 'SP.3373', 172, '2006-12-15', '2006-12-17', 0, 0),
(151, 'GD.2662', 289, '2006-12-15', '0000-00-00', 0, 1),
(152, 'MP.1548', 182, '2006-12-15', '2006-12-19', 0, 0),
(153, 'HZ.1789', 297, '2006-12-15', '2006-12-18', 0, 0),
(154, 'KG.6854', 74, '2006-12-15', '2006-12-19', 0, 0),
(155, 'FR.6982', 287, '2006-12-15', '0000-00-00', 0, 1),
(156, 'LZ.5815', 215, '2006-12-15', '0000-00-00', 0, 3),
(157, 'KR.7990', 384, '2006-12-15', '0000-00-00', 0, 4),
(158, 'BO.5754', 242, '2006-12-15', '0000-00-00', 0, 0),
(159, 'LZ.3412', 301, '2006-12-15', '0000-00-00', 0, 2),
(160, 'UI.5361', 311, '2006-12-15', '2006-12-15', 0, 0),
(161, 'ST.2390', 421, '2006-12-15', '2006-12-17', 0, 0),
(162, 'EZ.8360', 202, '2006-12-15', '0000-00-00', 0, 1),
(163, 'KZ.8343', 76, '2006-12-15', '0000-00-00', 0, 3),
(164, 'KK.9708', 431, '2006-12-15', '0000-00-00', 0, 1),
(165, 'MD.7267', 411, '2006-12-15', '2006-12-18', 0, 0),
(166, 'KE.9613', 72, '2006-12-15', '0000-00-00', 0, 0),
(167, 'KF.5885', 320, '2006-12-15', '0000-00-00', 0, 3),
(168, 'BJ.9084', 99, '2006-12-15', '0000-00-00', 0, 1),
(169, 'TI.6284', 85, '2006-12-15', '2006-12-16', 0, 0),
(170, 'SJ.3347', 244, '2006-12-15', '0000-00-00', 0, 4),
(171, 'SÖ.4080', 194, '2006-12-15', '0000-00-00', 0, 1),
(172, 'BÉ.6108', 188, '2006-12-15', '0000-00-00', 0, 3),
(173, 'KV.6227', 114, '2006-12-15', '0000-00-00', -1, 0),
(174, 'SP.6924', 342, '2006-12-15', '0000-00-00', 0, 1),
(175, 'SP.6924', 97, '2006-12-15', '0000-00-00', 0, 4),
(176, 'KZ.0655', 213, '2006-12-15', '2006-12-16', 0, 0),
(177, 'PD.1010', 432, '2006-12-15', '2006-12-15', 0, 0),
(178, 'ÁS.7670', 159, '2006-12-15', '0000-00-00', 0, 5),
(179, 'BB.6597', 402, '2006-12-15', '0000-00-00', 0, 4),
(180, 'KL.2811', 423, '2006-12-15', '0000-00-00', 0, 3),
(181, 'LO.6456', 119, '2006-12-15', '0000-00-00', 0, 3),
(182, 'PB.8902', 215, '2006-12-15', '2006-12-15', 0, 0),
(183, 'TÁ.5800', 433, '2006-12-15', '0000-00-00', 0, 1),
(184, 'HI.0471', 238, '2006-12-15', '2006-12-17', 0, 0),
(185, 'UD.6021', 257, '2006-12-15', '2006-12-16', 0, 0),
(186, 'JP.2869', 400, '2006-12-15', '0000-00-00', 0, 2),
(187, 'KV.7158', 110, '2006-12-15', '2006-12-18', 0, 0),
(188, 'FA.7252', 388, '2006-12-15', '0000-00-00', 0, 5),
(189, 'KG.2937', 415, '2006-12-15', '0000-00-00', 0, 3),
(190, 'HÁ.9604', 262, '2006-12-15', '0000-00-00', 0, 0),
(191, 'ZB.0230', 344, '2006-12-15', '0000-00-00', 0, 3),
(192, 'VE.3175', 421, '2006-12-16', '2006-12-17', 0, 0),
(193, 'DR.0586', 17, '2006-12-16', '0000-00-00', 0, 2),
(194, 'SL.0974', 47, '2006-12-16', '0000-00-00', 0, 3),
(195, 'CI.3333', 183, '2006-12-16', '0000-00-00', 0, 4),
(196, 'DP.2664', 42, '2006-12-16', '0000-00-00', -1, 0),
(197, 'KT.7545', 379, '2006-12-16', '2006-12-16', 0, 0),
(198, 'KR.2297', 358, '2006-12-16', '0000-00-00', 0, 1),
(199, 'MR.4488', 417, '2006-12-16', '2006-12-18', 0, 0),
(200, 'FV.9396', 344, '2006-12-16', '0000-00-00', 0, 4),
(201, 'PC.4269', 343, '2006-12-16', '0000-00-00', 0, 1),
(202, 'VZ.0162', 280, '2006-12-16', '2006-12-20', 0, 0),
(203, 'KÁ.8010', 355, '2006-12-16', '0000-00-00', 0, 5),
(204, 'KÁ.8010', 298, '2006-12-16', '0000-00-00', 0, 0),
(205, 'SK.9881', 197, '2006-12-16', '0000-00-00', 0, 0),
(206, 'SK.9881', 96, '2006-12-16', '0000-00-00', 0, 1),
(207, 'FI.4848', 29, '2006-12-16', '0000-00-00', 0, 1),
(208, 'SI.5869', 327, '2006-12-16', '0000-00-00', 0, 0),
(209, 'RV.2715', 308, '2006-12-16', '0000-00-00', 0, 1),
(210, 'NF.2425', 297, '2006-12-16', '0000-00-00', 0, 3),
(211, 'RI.9112', 190, '2006-12-16', '0000-00-00', -1, 0),
(212, 'GA.5549', 253, '2006-12-16', '0000-00-00', 0, 3),
(213, 'KL.4494', 208, '2006-12-16', '0000-00-00', 0, 3),
(214, 'BD.8119', 251, '2006-12-16', '0000-00-00', 0, 3),
(215, 'HR.5369', 70, '2006-12-16', '0000-00-00', 0, 0),
(216, 'MÉ.0065', 77, '2006-12-16', '0000-00-00', -1, 0),
(217, 'TV.2732', 140, '2006-12-16', '2006-12-20', 0, 0),
(218, 'PK.9395', 184, '2006-12-16', '0000-00-00', 0, 3),
(219, 'MZ.4492', 381, '2006-12-16', '0000-00-00', 0, 1),
(220, 'LZ.3412', 260, '2006-12-16', '0000-00-00', 0, 1),
(221, 'VG.7645', 366, '2006-12-16', '2006-12-17', 0, 0),
(222, 'FA.2291', 291, '2006-12-16', '2006-12-18', 0, 0),
(223, 'HK.4101', 352, '2006-12-16', '0000-00-00', 0, 2),
(224, 'SZ.3537', 279, '2006-12-16', '0000-00-00', 0, 1),
(225, 'WA.7808', 298, '2006-12-16', '0000-00-00', 0, 1),
(226, 'NE.8938', 87, '2006-12-16', '2006-12-18', 0, 0),
(227, 'DO.7540', 277, '2006-12-16', '0000-00-00', 0, 3),
(228, 'SZ.1507', 47, '2006-12-16', '0000-00-00', 0, 3),
(229, 'SZ.8420', 236, '2006-12-16', '0000-00-00', 0, 1),
(230, 'DT.2128', 100, '2006-12-16', '0000-00-00', 0, 0),
(231, 'PÁ.8866', 141, '2006-12-16', '0000-00-00', 0, 2),
(232, 'KB.0973', 78, '2006-12-16', '0000-00-00', 0, 2),
(233, 'RK.5679', 398, '2006-12-16', '0000-00-00', -1, 0),
(234, 'MG.2583', 305, '2006-12-16', '2006-12-17', 0, 0),
(235, 'RÁ.9031', 409, '2006-12-16', '0000-00-00', 0, 3),
(236, 'NA.3383', 63, '2006-12-16', '0000-00-00', 0, 1),
(237, 'SR.3743', 386, '2006-12-16', '0000-00-00', -1, 0),
(238, 'KO.6867', 320, '2006-12-16', '0000-00-00', 0, 1),
(239, 'SV.4386', 295, '2006-12-16', '0000-00-00', 0, 3),
(240, 'BR.2130', 362, '2006-12-16', '0000-00-00', 0, 2),
(241, 'NÁ.0883', 214, '2006-12-16', '0000-00-00', 0, 2),
(242, 'LP.3065', 159, '2006-12-16', '0000-00-00', 0, 2),
(243, 'KZ.3839', 173, '2006-12-16', '0000-00-00', -1, 0),
(244, 'BK.2795', 196, '2006-12-16', '0000-00-00', 0, 1),
(245, 'KM.9421', 389, '2006-12-16', '0000-00-00', 0, 2),
(246, 'LE.1664', 47, '2006-12-16', '0000-00-00', 0, 2),
(247, 'TD.0542', 254, '2006-12-16', '0000-00-00', 0, 1),
(248, 'FA.7252', 237, '2006-12-16', '2006-12-16', 0, 0),
(249, 'VZ.2157', 18, '2006-12-16', '0000-00-00', 0, 0),
(250, 'KV.5448', 195, '2006-12-16', '0000-00-00', -1, 0),
(251, 'ZK.0196', 364, '2006-12-16', '0000-00-00', 0, 2),
(252, 'TÁ.6462', 159, '2006-12-16', '0000-00-00', 0, 3),
(253, 'NÁ.8086', 96, '2006-12-16', '0000-00-00', 0, 3),
(254, 'SK.8056', 116, '2006-12-16', '0000-00-00', 0, 2),
(255, 'KO.7409', 226, '2006-12-16', '2006-12-18', 0, 0),
(256, 'SA.2066', 404, '2006-12-16', '0000-00-00', 0, 1),
(257, 'VS.7756', 62, '2006-12-17', '0000-00-00', -1, 0),
(258, 'SZ.2526', 157, '2006-12-17', '0000-00-00', 0, 5),
(259, 'DP.2664', 54, '2006-12-17', '0000-00-00', 0, 1),
(260, 'PZ.1760', 325, '2006-12-17', '0000-00-00', 0, 4),
(261, 'SA.3491', 444, '2006-12-17', '0000-00-00', 0, 0),
(262, 'KT.5463', 58, '2006-12-17', '0000-00-00', 0, 4),
(263, 'KT.5463', 98, '2006-12-17', '0000-00-00', -1, 0),
(264, 'BT.1841', 357, '2006-12-17', '0000-00-00', 0, 4),
(265, 'BP.4530', 221, '2006-12-17', '0000-00-00', 0, 1),
(266, 'SB.1519', 215, '2006-12-17', '0000-00-00', -1, 0),
(267, 'NI.0775', 264, '2006-12-17', '0000-00-00', -1, 0),
(268, 'SZ.3265', 355, '2006-12-17', '0000-00-00', 0, 3),
(269, 'BA.7082', 287, '2006-12-17', '0000-00-00', 0, 3),
(270, 'GD.2662', 365, '2006-12-17', '0000-00-00', -1, 0),
(271, 'GP.7213', 157, '2006-12-17', '0000-00-00', 0, 3),
(272, 'RI.3240', 66, '2006-12-17', '2006-12-17', 0, 0),
(273, 'BC.6620', 439, '2006-12-17', '0000-00-00', 0, 2),
(274, 'SK.7904', 442, '2006-12-17', '2006-12-20', 0, 0),
(275, 'SP.7024', 4, '2006-12-17', '0000-00-00', 0, 2),
(276, 'SP.7024', 51, '2006-12-17', '0000-00-00', 0, 1),
(277, 'BP.1705', 221, '2006-12-17', '0000-00-00', 0, 4),
(278, 'OB.8264', 54, '2006-12-17', '2006-12-17', 0, 0),
(279, 'BD.8119', 210, '2006-12-17', '0000-00-00', 0, 1),
(280, 'KA.9211', 26, '2006-12-17', '0000-00-00', 0, 3),
(281, 'LG.7815', 32, '2006-12-17', '0000-00-00', 0, 3),
(282, 'KZ.5018', 7, '2006-12-17', '0000-00-00', 0, 2),
(283, 'SM.0077', 385, '2006-12-17', '0000-00-00', 0, 4),
(284, 'ÖI.7617', 386, '2006-12-17', '0000-00-00', 0, 0),
(285, 'TT.9111', 427, '2006-12-17', '0000-00-00', 0, 1),
(286, 'LI.5564', 130, '2006-12-17', '0000-00-00', 0, 1),
(287, 'KT.0459', 191, '2006-12-17', '2006-12-18', 0, 0),
(288, 'BT.9896', 386, '2006-12-17', '0000-00-00', 0, 3),
(289, 'JF.5763', 322, '2006-12-17', '0000-00-00', 0, 5),
(290, 'FZ.2691', 37, '2006-12-17', '0000-00-00', 0, 1),
(291, 'SA.0726', 75, '2006-12-17', '2006-12-17', 0, 0),
(292, 'TI.6284', 365, '2006-12-17', '0000-00-00', -1, 0),
(293, 'PG.1224', 14, '2006-12-17', '2006-12-17', 0, 0),
(294, 'HJ.9546', 260, '2006-12-17', '0000-00-00', 0, 3),
(295, 'NA.3383', 429, '2006-12-17', '0000-00-00', 0, 2),
(296, 'NA.3383', 335, '2006-12-17', '0000-00-00', 0, 0),
(297, 'BL.3216', 236, '2006-12-17', '0000-00-00', 0, 3),
(298, 'CK.7336', 13, '2006-12-17', '0000-00-00', 0, 4),
(299, 'PR.4192', 15, '2006-12-17', '0000-00-00', 0, 3),
(300, 'PR.4192', 369, '2006-12-17', '0000-00-00', 0, 5),
(301, 'NI.0802', 29, '2006-12-17', '2006-12-22', 0, 0),
(302, 'BJ.3138', 222, '2006-12-17', '0000-00-00', 0, 1),
(303, 'NE.7433', 100, '2006-12-17', '0000-00-00', 0, 4),
(304, 'KD.2748', 227, '2006-12-17', '2006-12-17', 0, 0),
(305, 'VD.4792', 32, '2006-12-17', '0000-00-00', 0, 5),
(306, 'KN.5091', 388, '2006-12-17', '2006-12-17', 0, 0),
(307, 'ST.1388', 99, '2006-12-17', '0000-00-00', 0, 1),
(308, 'FB.6369', 94, '2006-12-17', '0000-00-00', 0, 3),
(309, 'KG.2937', 139, '2006-12-17', '2006-12-17', 0, 0),
(310, 'VZ.9407', 79, '2006-12-17', '0000-00-00', 0, 1),
(311, 'PE.3881', 128, '2006-12-17', '0000-00-00', 0, 3),
(312, 'KÁ.3479', 104, '2006-12-17', '2006-12-17', 0, 0),
(313, 'DZ.5170', 210, '2006-12-17', '0000-00-00', 0, 5),
(314, 'PL.8174', 137, '2006-12-18', '0000-00-00', 0, 2),
(315, 'SL.7295', 35, '2006-12-18', '0000-00-00', 0, 1),
(316, 'CI.3333', 358, '2006-12-18', '0000-00-00', 0, 5),
(317, 'VG.9528', 245, '2006-12-18', '0000-00-00', 0, 4),
(318, 'MZ.0921', 119, '2006-12-18', '0000-00-00', 0, 1),
(319, 'HR.4421', 264, '2006-12-18', '0000-00-00', 0, 2),
(320, 'KP.0837', 165, '2006-12-18', '0000-00-00', 0, 0),
(321, 'NJ.5694', 59, '2006-12-18', '0000-00-00', 0, 2),
(322, 'KI.1361', 179, '2006-12-18', '0000-00-00', 0, 3),
(323, 'KL.1723', 119, '2006-12-18', '0000-00-00', 0, 2),
(324, 'ZE.5201', 37, '2006-12-18', '0000-00-00', -1, 0),
(325, 'TA.1306', 24, '2006-12-18', '0000-00-00', 0, 1),
(326, 'FN.9800', 414, '2006-12-18', '0000-00-00', 0, 1),
(327, 'KM.8913', 100, '2006-12-18', '2006-12-19', 0, 0),
(328, 'BE.1945', 443, '2006-12-18', '0000-00-00', -1, 0),
(329, 'SB.9701', 310, '2006-12-18', '0000-00-00', 0, 3),
(330, 'HT.7473', 75, '2006-12-18', '0000-00-00', 0, 0),
(331, 'HT.7473', 384, '2006-12-15', '2006-12-17', 0, 0),
(332, 'BK.9868', 430, '2006-12-18', '0000-00-00', 0, 4),
(333, 'ZZ.2484', 421, '2006-12-16', '0000-00-00', 0, 3),
(334, 'NA.4463', 130, '2006-12-18', '0000-00-00', 0, 1),
(335, 'SA.5243', 125, '2006-12-18', '0000-00-00', 0, 4),
(336, 'LV.9121', 391, '2006-12-18', '0000-00-00', 0, 4),
(337, 'KZ.0395', 412, '2006-12-18', '0000-00-00', 0, 4),
(338, 'CL.7897', 300, '2006-12-18', '0000-00-00', 0, 4),
(339, 'JA.9259', 165, '2006-12-18', '0000-00-00', 0, 3),
(340, 'JF.5763', 440, '2006-12-18', '0000-00-00', 0, 1),
(341, 'SZ.8420', 130, '2006-12-18', '0000-00-00', 0, 2),
(342, 'BJ.9084', 298, '2006-12-18', '0000-00-00', 0, 4),
(343, 'TO.7628', 259, '2006-12-18', '0000-00-00', 0, 1),
(344, 'SI.9506', 5, '2006-12-18', '0000-00-00', 0, 4),
(345, 'SA.5551', 384, '2006-12-17', '0000-00-00', 0, 2),
(346, 'BÉ.6108', 268, '2006-12-18', '2006-12-23', 0, 0),
(347, 'SV.4386', 207, '2006-12-18', '0000-00-00', 0, 3),
(348, 'SZ.5839', 97, '2006-12-18', '0000-00-00', 0, 3),
(349, 'HB.5620', 322, '2006-12-18', '0000-00-00', 0, 4),
(350, 'DZ.0482', 399, '2006-12-18', '0000-00-00', 0, 1),
(351, 'LA.7899', 224, '2006-12-18', '2006-12-18', 0, 0),
(352, 'VD.4792', 71, '2006-12-18', '0000-00-00', 0, 1),
(353, 'ST.1388', 288, '2006-12-18', '0000-00-00', 0, 3),
(354, 'FA.0859', 44, '2006-12-18', '2006-12-18', 0, 0),
(355, 'NS.0091', 259, '2006-12-18', '0000-00-00', 0, 1),
(356, 'VJ.7309', 63, '2006-12-18', '0000-00-00', 0, 1),
(357, 'KA.5612', 370, '2006-12-18', '0000-00-00', 0, 2),
(358, 'NÁ.8086', 312, '2006-12-18', '2006-12-19', 0, 0),
(359, 'SE.4988', 330, '2006-12-18', '0000-00-00', -1, 0),
(360, 'KI.8112', 231, '2006-12-18', '0000-00-00', 0, 3),
(361, 'SJ.8094', 112, '2006-12-19', '0000-00-00', 0, 1),
(362, 'BT.4289', 36, '2006-12-19', '0000-00-00', 0, 4),
(363, 'HO.9226', 140, '2006-12-19', '0000-00-00', 0, 3),
(364, 'TN.1238', 333, '2006-12-19', '2006-12-21', 0, 0),
(365, 'TN.1238', 11, '2006-12-19', '2006-12-19', 0, 0),
(366, 'LN.8991', 349, '2006-12-17', '0000-00-00', 0, 1),
(367, 'ST.7445', 421, '2006-12-17', '0000-00-00', -1, 0),
(368, 'FB.9611', 384, '2006-12-16', '2006-12-17', 0, 0),
(369, 'BP.4530', 65, '2006-12-19', '2006-12-21', 0, 0),
(370, 'SG.6867', 8, '2006-12-19', '0000-00-00', 0, 4),
(371, 'KE.1884', 222, '2006-12-19', '0000-00-00', 0, 1),
(372, 'SK.7904', 378, '2006-12-19', '0000-00-00', 0, 3),
(373, 'RV.2715', 323, '2006-12-19', '0000-00-00', 0, 3),
(374, 'KD.6239', 288, '2006-12-19', '2006-12-20', 0, 0),
(375, 'IR.6871', 333, '2006-12-19', '0000-00-00', 0, 1),
(376, 'GA.5549', 35, '2006-12-19', '0000-00-00', 0, 3),
(377, 'KL.4494', 437, '2006-12-19', '0000-00-00', 0, 1),
(378, 'MÉ.0065', 251, '2006-12-19', '0000-00-00', 0, 1),
(379, 'LG.7815', 420, '2006-12-19', '2006-12-20', 0, 0),
(380, 'BI.7214', 199, '2006-12-19', '0000-00-00', 0, 3),
(381, 'CA.0932', 107, '2006-12-18', '0000-00-00', 0, 2),
(382, 'SZ.7645', 343, '2006-12-19', '0000-00-00', -1, 0),
(383, 'NA.4463', 170, '2006-12-19', '2006-12-21', 0, 0),
(384, 'MF.5886', 148, '2006-12-17', '0000-00-00', 0, 2),
(385, 'KO.6324', 375, '2006-12-19', '0000-00-00', 0, 1),
(386, 'HK.4101', 86, '2006-12-19', '0000-00-00', 0, 2),
(387, 'EI.6287', 17, '2006-12-19', '0000-00-00', 0, 3),
(388, 'HE.4604', 307, '2006-12-19', '0000-00-00', -1, 0),
(389, 'HE.4604', 221, '2006-12-19', '0000-00-00', -1, 0),
(390, 'KT.0459', 148, '2006-12-17', '0000-00-00', 0, 1),
(391, 'KT.0459', 82, '2006-12-19', '2006-12-20', 0, 0),
(392, 'SZ.1507', 49, '2006-12-19', '0000-00-00', 0, 1),
(393, 'SZ.8420', 334, '2006-12-19', '0000-00-00', 0, 5),
(394, 'VE.9558', 420, '2006-12-19', '0000-00-00', 0, 1),
(395, 'SF.4730', 232, '2006-12-19', '2006-12-21', 0, 0),
(396, 'CA.0110', 408, '2006-12-19', '0000-00-00', 0, 3),
(397, 'KS.2599', 169, '2006-12-19', '0000-00-00', 0, 3),
(398, 'SR.3743', 309, '2006-12-19', '2006-12-19', 0, 0),
(399, 'KT.8785', 42, '2006-12-19', '0000-00-00', 0, 4),
(400, 'GG.4642', 270, '2006-12-19', '0000-00-00', 0, 0),
(401, 'GZ.1249', 424, '2006-12-19', '0000-00-00', 0, 5),
(402, 'FA.4088', 434, '2006-12-19', '0000-00-00', 0, 1),
(403, 'VI.6465', 436, '2006-12-19', '0000-00-00', 0, 4),
(404, 'VI.6465', 380, '2006-12-19', '0000-00-00', 0, 1),
(405, 'FB.3081', 369, '2006-12-19', '0000-00-00', 0, 4),
(406, 'LA.4055', 358, '2006-12-19', '0000-00-00', 0, 3),
(407, 'FA.0859', 9, '2006-12-19', '0000-00-00', 0, 3),
(408, 'SB.7380', 209, '2006-12-17', '0000-00-00', -1, 0),
(409, 'AJ.0935', 2, '2006-12-20', '2006-12-20', 0, 0),
(410, 'LK.8140', 281, '2006-12-20', '0000-00-00', 0, 2),
(411, 'BK.0518', 58, '2006-12-20', '2006-12-20', 0, 0),
(412, 'SN.0628', 237, '2006-12-17', '2006-12-17', 0, 0),
(413, 'KL.3902', 154, '2006-12-20', '0000-00-00', 0, 1),
(414, 'TL.5319', 324, '2006-12-20', '0000-00-00', 0, 5),
(415, 'ZV.6094', 127, '2006-12-20', '0000-00-00', 0, 1),
(416, 'TR.0881', 349, '2006-12-17', '0000-00-00', 0, 0),
(417, 'CE.9033', 266, '2006-12-20', '2006-12-24', 0, 0),
(418, 'KP.0837', 389, '2006-12-20', '0000-00-00', 0, 3),
(419, 'MJ.6976', 393, '2006-12-20', '0000-00-00', 0, 3),
(420, 'TF.3880', 437, '2006-12-20', '0000-00-00', 0, 3),
(421, 'SI.5869', 35, '2006-12-20', '0000-00-00', 0, 3),
(422, 'LO.1112', 196, '2006-12-20', '0000-00-00', 0, 2),
(423, 'TA.1306', 85, '2006-12-19', '0000-00-00', 0, 2),
(424, 'EB.5954', 358, '2006-12-20', '2006-12-20', 0, 0),
(425, 'FR.6982', 371, '2006-12-20', '0000-00-00', -1, 0),
(426, 'VN.5671', 112, '2006-12-20', '0000-00-00', 0, 3),
(427, 'SO.1532', 37, '2006-12-20', '0000-00-00', 0, 3),
(428, 'VT.9241', 190, '2006-12-20', '0000-00-00', 0, 2),
(429, 'CB.9649', 379, '2006-12-20', '0000-00-00', 0, 1),
(430, 'KB.1173', 145, '2006-12-20', '0000-00-00', 0, 0),
(431, 'SG.0052', 235, '2006-12-20', '0000-00-00', 0, 1),
(432, 'PP.3278', 351, '2006-12-20', '2006-12-21', 0, 0),
(433, 'GJ.3600', 130, '2006-12-20', '2007-01-01', 0, 0),
(434, 'CA.5867', 267, '2006-12-20', '0000-00-00', 0, 1),
(435, 'JZ.1385', 77, '2006-12-20', '2006-12-20', 0, 0),
(436, 'KR.8740', 159, '2006-12-20', '0000-00-00', 0, 2),
(437, 'KM.5655', 205, '2006-12-20', '0000-00-00', 0, 1),
(438, 'NK.3783', 127, '2006-12-20', '0000-00-00', 0, 4),
(439, 'ST.9977', 274, '2006-12-20', '2006-12-21', 0, 0),
(440, 'BR.7690', 147, '2006-12-20', '0000-00-00', 0, 2),
(441, 'BF.9222', 280, '2006-12-20', '2006-12-20', 0, 0),
(442, 'BL.4357', 318, '2006-12-20', '0000-00-00', 0, 1),
(443, 'MR.9395', 50, '2006-12-20', '2006-12-20', 0, 0),
(444, 'KG.6963', 12, '2006-12-20', '0000-00-00', 0, 2),
(445, 'LD.8285', 268, '2006-12-20', '0000-00-00', 0, 1),
(446, 'HI.0471', 66, '2006-12-20', '0000-00-00', 0, 5),
(447, 'SP.1261', 195, '2006-12-20', '2006-12-21', 0, 0),
(448, 'TÁ.6462', 79, '2006-12-20', '0000-00-00', 0, 2),
(449, 'TR.9276', 346, '2006-12-20', '0000-00-00', 0, 4),
(450, 'PG.8846', 299, '2006-12-21', '0000-00-00', 0, 1),
(451, 'MZ.6513', 237, '2006-12-16', '0000-00-00', 0, 1),
(452, 'BM.8747', 421, '2006-12-17', '2006-12-17', 0, 0),
(453, 'DF.0284', 266, '2006-12-21', '2006-12-26', 0, 0),
(454, 'DM.1593', 145, '2006-12-21', '2006-12-31', 0, 0),
(455, 'SP.3373', 359, '2006-12-17', '2006-12-17', 0, 0),
(456, 'SN.6134', 276, '2006-12-21', '0000-00-00', 0, 5),
(457, 'KF.4505', 402, '2006-12-21', '0000-00-00', 0, 1),
(458, 'FR.6982', 148, '2006-12-16', '0000-00-00', 0, 1),
(459, 'FR.6982', 245, '2006-12-21', '0000-00-00', 0, 0),
(460, 'KN.2792', 349, '2006-12-16', '0000-00-00', -1, 0),
(461, 'FK.2581', 33, '2006-12-21', '0000-00-00', 0, 3),
(462, 'VG.7645', 382, '2006-12-21', '0000-00-00', 0, 5),
(463, 'BF.6471', 13, '2006-12-21', '0000-00-00', 0, 0),
(464, 'TT.9111', 345, '2006-12-21', '0000-00-00', 0, 3),
(465, 'BL.1618', 303, '2006-12-21', '0000-00-00', 0, 3),
(466, 'SZ.3537', 141, '2006-12-21', '2006-12-22', 0, 0),
(467, 'HR.9880', 214, '2006-12-18', '0000-00-00', 0, 1),
(468, 'LC.1783', 127, '2006-12-21', '0000-00-00', 0, 3),
(469, 'SÁ.1945', 330, '2006-12-18', '0000-00-00', 0, 5),
(470, 'SP.8177', 342, '2006-12-21', '0000-00-00', 0, 3),
(471, 'ST.9977', 376, '2006-12-21', '0000-00-00', 0, 0),
(472, 'BK.2557', 117, '2006-12-21', '0000-00-00', 0, 2),
(473, 'SB.5954', 279, '2006-12-18', '2006-12-18', 0, 0),
(474, 'MG.0051', 160, '2006-12-21', '0000-00-00', 0, 3),
(475, 'DF.9341', 39, '2006-12-19', '0000-00-00', 0, 4),
(476, 'HI.5860', 379, '2006-12-21', '2006-12-25', 0, 0),
(477, 'VD.4792', 393, '2006-12-21', '2006-12-23', 0, 0),
(478, 'HG.8463', 296, '2006-12-21', '0000-00-00', 0, 1),
(479, 'ET.9171', 77, '2006-12-21', '0000-00-00', 0, 3),
(480, 'AZ.4317', 203, '2006-12-21', '0000-00-00', 0, 1),
(481, 'FA.0859', 88, '2006-12-21', '0000-00-00', 0, 1),
(482, 'LE.1664', 34, '2006-12-21', '0000-00-00', 0, 4),
(483, 'BD.1068', 412, '2006-12-19', '0000-00-00', 0, 1),
(484, 'SZ.3418', 315, '2006-12-21', '2006-12-24', 0, 0),
(485, 'KV.5448', 27, '2006-12-18', '0000-00-00', 0, 4),
(486, 'CA.3447', 93, '2006-12-21', '0000-00-00', 0, 1),
(487, 'SK.8056', 124, '2006-12-21', '2006-12-28', 0, 0),
(488, 'DN.4292', 409, '2006-12-21', '0000-00-00', -1, 0),
(489, 'SA.2066', 327, '2006-12-21', '0000-00-00', 0, 2),
(490, 'EA.6644', 128, '2006-12-22', '0000-00-00', 0, 1),
(491, 'BK.0518', 60, '2006-12-22', '0000-00-00', 0, 1),
(492, 'SZ.2526', 104, '2006-12-18', '0000-00-00', 0, 1),
(493, 'SL.0974', 280, '2006-12-22', '0000-00-00', 0, 1),
(494, 'HO.9226', 43, '2006-12-22', '0000-00-00', 0, 2),
(495, 'SG.2482', 20, '2006-12-22', '2006-12-22', 0, 0),
(496, 'SA.3491', 367, '2006-12-22', '0000-00-00', 0, 1),
(497, 'ST.7445', 129, '2006-12-22', '0000-00-00', 0, 1),
(498, 'EH.0733', 98, '2006-12-22', '0000-00-00', 0, 2),
(499, 'VA.0512', 221, '2006-12-22', '0000-00-00', 0, 1),
(500, 'WT.5063', 125, '2006-12-22', '2006-12-23', 0, 0),
(501, 'WT.5063', 372, '2006-12-16', '2006-12-16', 0, 0),
(502, 'NK.4348', 349, '2006-12-15', '0000-00-00', -1, 0),
(503, 'MP.1548', 247, '2006-12-22', '0000-00-00', 0, 1),
(504, 'BC.6620', 392, '2006-12-22', '0000-00-00', 0, 0),
(505, 'HZ.5970', 171, '2006-12-20', '0000-00-00', 0, 3),
(506, 'KF.4505', 88, '2006-12-22', '0000-00-00', 0, 2),
(507, 'TL.8183', 134, '2006-12-17', '0000-00-00', 0, 3),
(508, 'BA.2113', 191, '2006-12-22', '0000-00-00', 0, 5),
(509, 'JT.5373', 266, '2006-12-22', '0000-00-00', 0, 4),
(510, 'VF.7140', 94, '2006-12-22', '0000-00-00', 0, 1),
(511, 'VF.7140', 378, '2006-12-22', '0000-00-00', 0, 1),
(512, 'BP.9080', 341, '2006-12-15', '2006-12-15', 0, 0),
(513, 'SM.0077', 185, '2006-12-22', '0000-00-00', 0, 5),
(514, 'TP.6487', 79, '2006-12-22', '0000-00-00', 0, 1),
(515, 'HE.4604', 395, '2006-12-17', '0000-00-00', 0, 1),
(516, 'FM.2056', 334, '2006-12-22', '0000-00-00', 0, 3),
(517, 'GA.5664', 243, '2006-12-22', '2007-01-01', 0, 0),
(518, 'KP.2242', 90, '2006-12-22', '0000-00-00', 0, 1),
(519, 'TM.7445', 261, '2006-12-22', '0000-00-00', 0, 1),
(520, 'SÁ.1945', 232, '2006-12-21', '0000-00-00', 0, 4),
(521, 'HR.6312', 227, '2006-12-22', '2006-12-22', 0, 0),
(522, 'KV.6227', 431, '2006-12-22', '0000-00-00', 0, 3),
(523, 'TB.5503', 297, '2006-12-22', '0000-00-00', 0, 4),
(524, 'JZ.1385', 262, '2006-12-22', '0000-00-00', 0, 1),
(525, 'KR.8740', 323, '2006-12-22', '0000-00-00', 0, 3),
(526, 'TA.0240', 295, '2006-12-22', '0000-00-00', 0, 1),
(527, 'FA.4088', 127, '2006-12-22', '0000-00-00', 0, 1),
(528, 'HN.3762', 368, '2006-12-20', '0000-00-00', 0, 1),
(529, 'HA.2913', 270, '2006-12-22', '0000-00-00', 0, 3),
(530, 'BV.1252', 98, '2006-12-22', '0000-00-00', 0, 2),
(531, 'JZ.0375', 32, '2006-12-22', '0000-00-00', 0, 4),
(532, 'KN.5091', 14, '2006-12-22', '0000-00-00', 0, 2),
(533, 'JA.1261', 66, '2006-12-22', '0000-00-00', 0, 3),
(534, 'KT.3375', 296, '2006-12-22', '0000-00-00', 0, 3),
(535, 'VZ.2157', 301, '2006-12-22', '0000-00-00', -1, 0),
(536, 'ZK.0196', 6, '2006-12-19', '0000-00-00', 0, 3),
(537, 'KG.5759', 33, '2006-12-22', '0000-00-00', 0, 4),
(538, 'NÁ.8086', 157, '2006-12-22', '2006-12-22', 0, 0),
(539, 'BÉ.5035', 361, '2006-12-22', '0000-00-00', 0, 2),
(540, 'ZB.0230', 32, '2006-12-22', '2006-12-23', 0, 0),
(541, 'MM.7225', 438, '2006-12-23', '0000-00-00', 0, 3),
(542, 'EA.6644', 260, '2006-12-23', '0000-00-00', -1, 0),
(543, 'SE.5166', 398, '2006-12-16', '0000-00-00', -1, 0),
(544, 'HA.6109', 45, '2006-12-23', '2006-12-24', 0, 0),
(545, 'HA.6109', 204, '2006-12-17', '0000-00-00', 0, 3),
(546, 'SZ.2526', 72, '2006-12-23', '0000-00-00', 0, 2),
(547, 'KL.3902', 20, '2006-12-23', '0000-00-00', 0, 5),
(548, 'MR.4488', 320, '2006-12-16', '0000-00-00', 0, 1),
(549, 'GN.4133', 22, '2006-12-23', '0000-00-00', -1, 0),
(550, 'RI.3240', 192, '2006-12-23', '0000-00-00', 0, 3),
(551, 'KÁ.7195', 95, '2006-12-23', '0000-00-00', 0, 0),
(552, 'WZ.8323', 370, '2006-12-23', '0000-00-00', 0, 1),
(553, 'SB.4943', 84, '2006-12-18', '0000-00-00', 0, 3),
(554, 'BR.7944', 410, '2006-12-23', '0000-00-00', 0, 4),
(555, 'BE.4516', 107, '2006-12-16', '2006-12-18', 0, 0),
(556, 'JT.5373', 3, '2006-12-18', '0000-00-00', 0, 4),
(557, 'DH.0622', 48, '2006-12-23', '0000-00-00', 0, 3),
(558, 'GK.1748', 156, '2006-12-23', '0000-00-00', -1, 0),
(559, 'NI.9715', 300, '2006-12-23', '0000-00-00', 0, 1),
(560, 'BT.7290', 365, '2006-12-18', '0000-00-00', 0, 4),
(561, 'VK.1033', 94, '2006-12-23', '0000-00-00', 0, 4),
(562, 'VG.7645', 142, '2006-12-16', '0000-00-00', 0, 2),
(563, 'SG.0052', 430, '2006-12-23', '2006-12-25', 0, 0),
(564, 'SA.5243', 154, '2006-12-23', '0000-00-00', 0, 1),
(565, 'BC.3256', 368, '2006-12-20', '2006-12-20', 0, 0),
(566, 'VV.8246', 416, '2006-12-23', '0000-00-00', -1, 0),
(567, 'FE.7877', 389, '2006-12-23', '0000-00-00', 0, 1),
(568, 'BL.1618', 412, '2006-12-17', '0000-00-00', 0, 2),
(569, 'HE.4604', 86, '2006-12-23', '2006-12-25', 0, 0),
(570, 'MR.6252', 307, '2006-12-23', '0000-00-00', -1, 0),
(571, 'SÁ.1945', 420, '2006-12-23', '0000-00-00', 0, 1),
(572, 'SI.9506', 128, '2006-12-23', '0000-00-00', 0, 0),
(573, 'GL.2493', 409, '2006-12-23', '0000-00-00', 0, 2),
(574, 'KV.6227', 54, '2006-12-23', '0000-00-00', 0, 4),
(575, 'RL.4390', 337, '2006-12-18', '0000-00-00', 0, 1),
(576, 'MR.2266', 74, '2006-12-18', '0000-00-00', 0, 3),
(577, 'KR.8740', 203, '2006-12-23', '2006-12-26', 0, 0),
(578, 'PR.4192', 90, '2006-12-23', '0000-00-00', 0, 2),
(579, 'SG.4984', 38, '2006-12-23', '0000-00-00', 0, 4),
(580, 'HN.3762', 330, '2006-12-20', '0000-00-00', 0, 4),
(581, 'NÁ.0883', 9, '2006-12-23', '0000-00-00', 0, 1),
(582, 'PZ.5131', 165, '2006-12-23', '0000-00-00', 0, 2),
(583, 'NE.7433', 423, '2006-12-23', '0000-00-00', 0, 1),
(584, 'BK.2795', 257, '2006-12-23', '0000-00-00', 0, 2),
(585, 'VM.4330', 203, '2006-12-23', '0000-00-00', 0, 2),
(586, 'KÁ.3479', 268, '2006-12-23', '0000-00-00', 0, 2),
(587, 'NÁ.8086', 90, '2006-12-23', '2006-12-26', 0, 0),
(588, 'GF.0541', 375, '2006-12-23', '0000-00-00', 0, 3),
(589, 'MM.7225', 330, '2006-12-18', '0000-00-00', 0, 3),
(590, 'SJ.8094', 34, '2006-12-24', '0000-00-00', 0, 3),
(591, 'AJ.0935', 316, '2006-12-24', '0000-00-00', -1, 0),
(592, 'SZ.2526', 261, '2006-12-24', '0000-00-00', 0, 5),
(593, 'VK.5984', 222, '2006-12-24', '0000-00-00', 0, 1),
(594, 'BE.0864', 153, '2006-12-24', '0000-00-00', 0, 4),
(595, 'BJ.2171', 432, '2006-12-24', '0000-00-00', -1, 0),
(596, 'ZV.6094', 87, '2006-12-24', '0000-00-00', 0, 4),
(597, 'LG.7708', 134, '2006-12-17', '0000-00-00', 0, 4),
(598, 'MV.6897', 427, '2006-12-24', '0000-00-00', 0, 1),
(599, 'MV.6897', 2, '2006-12-24', '2006-12-25', 0, 0),
(600, 'FB.9611', 235, '2006-12-24', '0000-00-00', 0, 2),
(601, 'FB.9611', 80, '2006-12-24', '0000-00-00', 0, 5),
(602, 'MZ.0921', 389, '2006-12-24', '2006-12-25', 0, 0),
(603, 'HR.4421', 104, '2006-12-19', '0000-00-00', 0, 1),
(604, 'SZ.3265', 429, '2006-12-24', '0000-00-00', 0, 3),
(605, 'MP.1548', 360, '2006-12-24', '0000-00-00', 0, 4),
(606, 'ZE.5201', 4, '2006-12-24', '0000-00-00', 0, 4),
(607, 'HF.1310', 14, '2006-12-24', '0000-00-00', 0, 1),
(608, 'HF.1310', 78, '2006-12-17', '0000-00-00', 0, 1),
(609, 'MN.9696', 211, '2006-12-24', '0000-00-00', 0, 5),
(610, 'LG.2970', 410, '2006-12-24', '0000-00-00', 0, 4),
(611, 'SB.9363', 38, '2006-12-24', '2006-12-26', 0, 0),
(612, 'LZ.5815', 11, '2006-12-24', '0000-00-00', -1, 0),
(613, 'BE.1945', 44, '2006-12-24', '0000-00-00', 0, 3),
(614, 'ZM.2168', 236, '2006-12-24', '0000-00-00', 0, 5),
(615, 'SA.3924', 51, '2006-12-24', '0000-00-00', 0, 1),
(616, 'BO.5754', 20, '2006-12-24', '2006-12-25', 0, 0),
(617, 'VF.7140', 384, '2006-12-16', '0000-00-00', 0, 1),
(618, 'HD.9079', 313, '2006-12-20', '0000-00-00', 0, 2),
(619, 'DT.8003', 172, '2006-12-24', '0000-00-00', 0, 1),
(620, 'GF.0708', 237, '2006-12-17', '0000-00-00', 0, 2),
(621, 'UI.5361', 389, '2006-12-24', '0000-00-00', 0, 4),
(622, 'SO.1532', 55, '2006-12-24', '0000-00-00', 0, 5),
(623, 'BF.6471', 42, '2006-12-24', '2006-12-28', 0, 0),
(624, 'NA.4463', 8, '2006-12-24', '2006-12-26', 0, 0),
(625, 'MF.5886', 384, '2006-12-17', '0000-00-00', 0, 3),
(626, 'BB.8483', 270, '2006-12-24', '0000-00-00', 0, 1),
(627, 'SZ.3537', 277, '2006-12-19', '0000-00-00', 0, 0),
(628, 'NN.1936', 394, '2006-12-24', '0000-00-00', 0, 2),
(629, 'PN.4200', 155, '2006-12-24', '2006-12-25', 0, 0),
(630, 'SZ.8420', 168, '2006-12-20', '0000-00-00', 0, 1),
(631, 'SZ.8420', 381, '2006-12-18', '2006-12-19', 0, 0),
(632, 'VE.9558', 208, '2006-12-24', '0000-00-00', 0, 2),
(633, 'VE.9558', 367, '2006-12-24', '0000-00-00', 0, 1),
(634, 'KK.6853', 199, '2006-12-24', '0000-00-00', 0, 2),
(635, 'DP.8019', 343, '2006-12-24', '2006-12-25', 0, 0),
(636, 'SÖ.4080', 76, '2006-12-24', '0000-00-00', 0, 3),
(637, 'LC.1783', 45, '2006-12-24', '0000-00-00', 0, 3),
(638, 'SÁ.1945', 324, '2006-12-24', '0000-00-00', 0, 3),
(639, 'CC.8149', 369, '2006-12-24', '0000-00-00', 0, 1),
(640, 'SP.8177', 123, '2006-12-17', '0000-00-00', -1, 0),
(641, 'SF.4730', 73, '2006-12-24', '0000-00-00', 0, 1),
(642, 'KG.9667', 162, '2006-12-24', '0000-00-00', 0, 0),
(643, 'PD.1010', 219, '2006-12-24', '0000-00-00', 0, 0),
(644, 'PR.2086', 220, '2006-12-24', '2007-01-02', 0, 0),
(645, 'BG.0584', 385, '2006-12-24', '0000-00-00', 0, 4),
(646, 'VP.4293', 91, '2006-12-24', '0000-00-00', 0, 2),
(647, 'KT.8785', 252, '2006-12-16', '0000-00-00', 0, 2),
(648, 'TS.7842', 358, '2006-12-24', '2006-12-24', 0, 0),
(649, 'HB.5620', 387, '2006-12-24', '0000-00-00', 0, 2),
(650, 'PJ.2796', 202, '2006-12-24', '0000-00-00', 0, 2),
(651, 'BR.7690', 336, '2006-12-24', '0000-00-00', -1, 0),
(652, 'SJ.5290', 343, '2006-12-24', '0000-00-00', 0, 4),
(653, 'TÁ.5800', 97, '2006-12-24', '2006-12-25', 0, 0),
(654, 'ÁP.8870', 332, '2006-12-24', '0000-00-00', 0, 2),
(655, 'BV.1252', 138, '2006-12-24', '0000-00-00', 0, 3),
(656, 'BL.2493', 433, '2006-12-24', '0000-00-00', -1, 0),
(657, 'LE.1664', 126, '2006-12-18', '0000-00-00', 0, 1),
(658, 'SP.1261', 259, '2006-12-24', '0000-00-00', 0, 1),
(659, 'JP.2869', 344, '2006-12-24', '0000-00-00', 0, 1),
(660, 'VZ.2157', 239, '2006-12-17', '0000-00-00', 0, 5),
(661, 'KA.5612', 345, '2006-12-24', '0000-00-00', 0, 2),
(662, 'HD.3180', 34, '2006-12-24', '0000-00-00', 0, 3),
(663, 'KN.4319', 319, '2006-12-25', '0000-00-00', 0, 2),
(664, 'DR.0586', 308, '2006-12-25', '0000-00-00', 0, 1),
(665, 'ÖK.7126', 346, '2006-12-25', '0000-00-00', 0, 4),
(666, 'IB.7575', 310, '2006-12-25', '0000-00-00', 0, 3),
(667, 'VP.1210', 308, '2006-12-25', '0000-00-00', 0, 0),
(668, 'PZ.1760', 86, '2006-12-25', '0000-00-00', 0, 4),
(669, 'HA.5132', 179, '2006-12-20', '0000-00-00', -1, 0),
(670, 'KN.8193', 346, '2006-12-25', '2006-12-25', 0, 0),
(671, 'NJ.5694', 292, '2006-12-25', '0000-00-00', 0, 4),
(672, 'MP.1548', 105, '2006-12-15', '0000-00-00', 0, 3),
(673, 'TZ.5158', 126, '2006-12-19', '0000-00-00', 0, 1),
(674, 'VK.6810', 379, '2006-12-25', '0000-00-00', 0, 2),
(675, 'SD.4324', 144, '2006-12-25', '2006-12-25', 0, 0),
(676, 'JE.5179', 320, '2006-12-18', '0000-00-00', 0, 0),
(677, 'GA.7092', 415, '2006-12-25', '0000-00-00', 0, 0),
(678, 'SB.9701', 189, '2006-12-25', '2006-12-27', 0, 0),
(679, 'BE.5502', 342, '2006-12-21', '2006-12-21', 0, 0),
(680, 'BD.2876', 303, '2006-12-25', '0000-00-00', 0, 1),
(681, 'LZ.3412', 320, '2006-12-16', '0000-00-00', -1, 0),
(682, 'FM.2490', 106, '2006-12-25', '0000-00-00', 0, 1),
(683, 'KJ.0231', 187, '2006-12-25', '2006-12-26', 0, 0),
(684, 'BD.5403', 409, '2006-12-25', '0000-00-00', 0, 3),
(685, 'ZZ.2484', 4, '2006-12-25', '0000-00-00', 0, 2),
(686, 'KB.1173', 304, '2006-12-25', '0000-00-00', 0, 2),
(687, 'BC.3256', 245, '2006-12-25', '0000-00-00', 0, 3),
(688, 'FE.7877', 421, '2006-12-15', '0000-00-00', 0, 3),
(689, 'RN.8935', 316, '2006-12-25', '0000-00-00', 0, 1),
(690, 'BM.2708', 266, '2006-12-25', '0000-00-00', 0, 2),
(691, 'BV.6067', 130, '2006-12-25', '0000-00-00', -1, 0),
(692, 'SA.0726', 308, '2006-12-25', '0000-00-00', -1, 0),
(693, 'NB.3720', 166, '2006-12-25', '0000-00-00', 0, 3),
(694, 'SE.8312', 278, '2006-12-25', '0000-00-00', 0, 2),
(695, 'SP.8177', 207, '2006-12-18', '0000-00-00', 0, 3),
(696, 'VA.2259', 419, '2006-12-25', '0000-00-00', 0, 0),
(697, 'KA.3780', 141, '2006-12-25', '2006-12-25', 0, 0),
(698, 'RL.4390', 209, '2006-12-17', '0000-00-00', 0, 3),
(699, 'KG.9667', 32, '2006-12-25', '0000-00-00', 0, 1),
(700, 'CA.0110', 442, '2006-12-25', '0000-00-00', 0, 3),
(701, 'KM.5655', 71, '2006-12-25', '2006-12-26', 0, 0),
(702, 'BÉ.6009', 333, '2006-12-25', '0000-00-00', 0, 2),
(703, 'PR.4192', 364, '2006-12-25', '0000-00-00', 0, 3),
(704, 'MG.0051', 232, '2006-12-20', '0000-00-00', 0, 0),
(705, 'MP.1869', 197, '2006-12-25', '0000-00-00', 0, 4),
(706, 'SK.0547', 211, '2006-12-25', '0000-00-00', -1, 0),
(707, 'HE.1802', 104, '2006-12-20', '0000-00-00', 0, 2),
(708, 'NE.7433', 303, '2006-12-25', '2006-12-26', 0, 0),
(709, 'KD.2748', 327, '2006-12-25', '0000-00-00', 0, 3),
(710, 'VD.4792', 224, '2006-12-20', '0000-00-00', 0, 1),
(711, 'JA.1261', 225, '2006-12-25', '0000-00-00', 0, 3),
(712, 'IB.2626', 378, '2006-12-25', '2006-12-30', 0, 0),
(713, 'KB.7935', 32, '2006-12-25', '0000-00-00', 0, 1),
(714, 'KL.0128', 107, '2006-12-17', '0000-00-00', 0, 1),
(715, 'NS.0091', 292, '2006-12-25', '0000-00-00', 0, 2),
(716, 'TD.0542', 106, '2006-12-25', '0000-00-00', 0, 3),
(717, 'VZ.9407', 432, '2006-12-25', '0000-00-00', 0, 4),
(718, 'TÁ.6462', 26, '2006-12-25', '0000-00-00', 0, 3),
(719, 'SA.2066', 210, '2006-12-25', '2006-12-25', 0, 0),
(720, 'ZB.0230', 199, '2006-12-25', '2006-12-26', 0, 0),
(721, 'KA.2208', 51, '2006-12-26', '2006-12-26', 0, 0),
(722, 'SN.0628', 43, '2006-12-26', '0000-00-00', 0, 1),
(723, 'KK.6508', 189, '2006-12-26', '0000-00-00', -1, 0),
(724, 'PZ.1760', 335, '2006-12-26', '0000-00-00', 0, 2),
(725, 'VA.0512', 278, '2006-12-26', '0000-00-00', 0, 1),
(726, 'BP.4530', 399, '2006-12-26', '0000-00-00', 0, 4),
(727, 'WT.5063', 54, '2006-12-26', '0000-00-00', 0, 3),
(728, 'SZ.3265', 219, '2006-12-26', '2006-12-27', 0, 0),
(729, 'ZE.5201', 331, '2006-12-26', '2007-01-01', 0, 0),
(730, 'HF.1310', 52, '2006-12-26', '0000-00-00', 0, 2),
(731, 'JR.7464', 291, '2006-12-17', '0000-00-00', 0, 2),
(732, 'LL.5799', 81, '2006-12-26', '2006-12-27', 0, 0),
(733, 'GK.1748', 59, '2006-12-26', '0000-00-00', 0, 1),
(734, 'TV.2732', 68, '2006-12-26', '0000-00-00', 0, 1),
(735, 'BD.2876', 117, '2006-12-26', '0000-00-00', 0, 1),
(736, 'BD.2876', 26, '2006-12-26', '2006-12-27', 0, 0),
(737, 'GF.0708', 11, '2006-12-26', '0000-00-00', 0, 2),
(738, 'JF.5515', 362, '2006-12-26', '0000-00-00', 0, 2),
(739, 'SZ.7645', 388, '2006-12-26', '2006-12-27', 0, 0),
(740, 'BD.5403', 167, '2006-12-26', '0000-00-00', 0, 0),
(741, 'KB.1173', 159, '2006-12-26', '0000-00-00', 0, 1),
(742, 'KE.7992', 179, '2006-12-19', '0000-00-00', 0, 3),
(743, 'SD.3531', 88, '2006-12-26', '0000-00-00', 0, 3),
(744, 'DD.1368', 49, '2006-12-26', '2007-01-09', 0, 0),
(745, 'BB.8483', 196, '2006-12-26', '2006-12-28', 0, 0),
(746, 'BB.8483', 266, '2006-12-26', '0000-00-00', 0, 1),
(747, 'SZ.8420', 416, '2006-12-26', '2006-12-27', 0, 0),
(748, 'TI.6284', 269, '2006-12-26', '2006-12-26', 0, 0),
(749, 'TV.0831', 170, '2006-12-26', '0000-00-00', 0, 1),
(750, 'PÁ.8866', 417, '2006-12-26', '0000-00-00', 0, 2),
(751, 'SL.2776', 210, '2006-12-26', '0000-00-00', 0, 2),
(752, 'WA.8639', 318, '2006-12-26', '0000-00-00', 0, 4),
(753, 'ÁS.7670', 20, '2006-12-26', '0000-00-00', 0, 3),
(754, 'NL.0666', 46, '2006-12-26', '0000-00-00', 0, 1),
(755, 'HD.5835', 196, '2006-12-26', '0000-00-00', 0, 4),
(756, 'NK.3783', 361, '2006-12-26', '0000-00-00', 0, 5),
(757, 'SB.5954', 85, '2006-12-17', '0000-00-00', 0, 5),
(758, 'GZ.2610', 8, '2006-12-26', '0000-00-00', 0, 2),
(759, 'VZ.9407', 352, '2006-12-26', '2006-12-26', 0, 0),
(760, 'HÁ.9604', 411, '2006-12-26', '0000-00-00', 0, 3),
(761, 'HÁ.9604', 211, '2006-12-26', '0000-00-00', 0, 3),
(762, 'SE.5166', 154, '2006-12-27', '0000-00-00', -1, 0),
(763, 'BK.0518', 291, '2006-12-16', '0000-00-00', 0, 4),
(764, 'HO.9226', 334, '2006-12-27', '0000-00-00', 0, 1),
(765, 'ZV.6094', 105, '2006-12-16', '2006-12-16', 0, 0),
(766, 'VG.9528', 227, '2006-12-27', '0000-00-00', 0, 1),
(767, 'EH.0733', 166, '2006-12-27', '0000-00-00', 0, 1),
(768, 'TL.7601', 93, '2006-12-27', '0000-00-00', 0, 1),
(769, 'SZ.2133', 284, '2006-12-27', '0000-00-00', 0, 4),
(770, 'BR.7818', 184, '2006-12-27', '0000-00-00', 0, 0),
(771, 'KÁ.7195', 92, '2006-12-27', '0000-00-00', 0, 2),
(772, 'BD.8119', 221, '2006-12-27', '0000-00-00', 0, 1),
(773, 'HR.5369', 190, '2006-12-19', '0000-00-00', 0, 3),
(774, 'KN.8713', 355, '2006-12-27', '2006-12-29', 0, 0),
(775, 'KA.9211', 349, '2006-12-15', '0000-00-00', 0, 3),
(776, 'OZ.6658', 203, '2006-12-27', '2006-12-27', 0, 0),
(777, 'SB.9701', 371, '2006-12-27', '0000-00-00', 0, 2),
(778, 'LG.7815', 124, '2006-12-27', '0000-00-00', -1, 0),
(779, 'GK.1748', 107, '2006-12-17', '0000-00-00', 0, 1),
(780, 'HD.9079', 228, '2006-12-16', '0000-00-00', 0, 0),
(781, 'UI.5361', 180, '2006-12-27', '0000-00-00', 0, 1),
(782, 'JF.5515', 227, '2006-12-27', '0000-00-00', 0, 3),
(783, 'AG.3206', 73, '2006-12-27', '2006-12-27', 0, 0),
(784, 'AG.3206', 126, '2006-12-18', '0000-00-00', 0, 1),
(785, 'MF.5886', 12, '2006-12-26', '2006-12-26', 0, 0),
(786, 'KB.1173', 55, '2006-12-27', '0000-00-00', -1, 0),
(787, 'KO.6324', 260, '2006-12-27', '2006-12-31', 0, 0),
(788, 'SB.1666', 444, '2006-12-27', '2006-12-28', 0, 0),
(789, 'TS.9114', 141, '2006-12-27', '0000-00-00', 0, 1),
(790, 'BB.4513', 59, '2006-12-27', '0000-00-00', 0, 2),
(791, 'SR.9913', 66, '2006-12-27', '0000-00-00', 0, 2),
(792, 'SR.9913', 437, '2006-12-27', '2006-12-29', 0, 0),
(793, 'ML.8721', 215, '2006-12-27', '0000-00-00', 0, 3),
(794, 'VA.2259', 429, '2006-12-27', '0000-00-00', 0, 1),
(795, 'SC.0666', 20, '2006-12-27', '0000-00-00', 0, 2),
(796, 'RL.4390', 387, '2006-12-27', '0000-00-00', 0, 2),
(797, 'PR.2086', 249, '2006-12-17', '0000-00-00', 0, 1),
(798, 'KR.8740', 126, '2006-12-19', '0000-00-00', 0, 4),
(799, 'CK.7336', 296, '2006-12-27', '2006-12-28', 0, 0),
(800, 'JZ.0375', 240, '2006-12-27', '0000-00-00', 0, 4),
(801, 'LP.3065', 9, '2006-12-27', '0000-00-00', 0, 4),
(802, 'LP.3065', 157, '2006-12-27', '0000-00-00', 0, 2),
(803, 'PV.9623', 169, '2006-12-27', '0000-00-00', -1, 0),
(804, 'PV.9623', 66, '2006-12-27', '0000-00-00', 0, 0),
(805, 'KZ.3839', 308, '2006-12-24', '0000-00-00', 0, 2),
(806, 'LA.4055', 87, '2006-12-24', '0000-00-00', 0, 3),
(807, 'KL.0128', 151, '2006-12-27', '0000-00-00', 0, 1),
(808, 'KT.3375', 85, '2006-12-19', '0000-00-00', -1, 0),
(809, 'KI.8112', 180, '2006-12-27', '0000-00-00', 0, 4),
(810, 'DZ.5170', 7, '2006-12-17', '0000-00-00', 0, 3),
(811, 'SE.5166', 225, '2006-12-28', '2007-01-03', 0, 0),
(812, 'VE.3175', 173, '2006-12-28', '0000-00-00', 0, 1),
(813, 'OZ.4473', 313, '2006-12-19', '0000-00-00', 0, 5),
(814, 'SA.4395', 93, '2006-12-28', '0000-00-00', 0, 3),
(815, 'BE.0864', 305, '2006-12-28', '0000-00-00', 0, 1),
(816, 'BE.0864', 208, '2006-12-28', '0000-00-00', 0, 2),
(817, 'NS.4608', 42, '2006-12-28', '2006-12-28', 0, 0),
(818, 'OI.5285', 7, '2006-12-17', '0000-00-00', -1, 0),
(819, 'TL.7601', 44, '2006-12-28', '0000-00-00', 0, 4),
(820, 'BM.8747', 203, '2006-12-28', '0000-00-00', 0, 4),
(821, 'SB.1519', 151, '2006-12-28', '0000-00-00', 0, 1),
(822, 'NK.4348', 410, '2006-12-28', '0000-00-00', 0, 3),
(823, 'BR.7818', 49, '2006-12-28', '0000-00-00', 0, 3),
(824, 'GD.2662', 277, '2006-12-21', '0000-00-00', 0, 4),
(825, 'GN.4133', 325, '2006-12-15', '0000-00-00', 0, 0),
(826, 'FN.9800', 419, '2006-12-28', '2006-12-28', 0, 0),
(827, 'CN.2071', 64, '2006-12-28', '0000-00-00', 0, 1),
(828, 'KA.9211', 363, '2006-12-17', '2006-12-17', 0, 0),
(829, 'HP.4209', 287, '2006-12-20', '0000-00-00', 0, 2),
(830, 'JT.5373', 99, '2006-12-16', '0000-00-00', 0, 1),
(831, 'BL.4380', 64, '2006-12-28', '2006-12-28', 0, 0),
(832, 'TK.9485', 323, '2006-12-28', '0000-00-00', 0, 4),
(833, 'TP.6487', 175, '2006-12-21', '0000-00-00', 0, 0),
(834, 'BF.6471', 334, '2006-12-28', '0000-00-00', 0, 1),
(835, 'AG.3206', 312, '2006-12-25', '0000-00-00', -1, 0),
(836, 'BÁ.5302', 37, '2006-12-28', '0000-00-00', 0, 1),
(837, 'CB.9649', 119, '2006-12-25', '0000-00-00', 0, 1),
(838, 'BB.8483', 292, '2006-12-28', '0000-00-00', 0, 2),
(839, 'CL.7897', 165, '2006-12-28', '0000-00-00', 0, 4),
(840, 'PP.3278', 309, '2006-12-28', '0000-00-00', 0, 1),
(841, 'MD.7267', 49, '2006-12-28', '0000-00-00', 0, 2),
(842, 'SZ.1507', 160, '2006-12-28', '0000-00-00', 0, 1),
(843, 'KO.3883', 50, '2006-12-24', '0000-00-00', 0, 5),
(844, 'NB.3720', 81, '2006-12-28', '0000-00-00', 0, 1),
(845, 'ME.5005', 141, '2006-12-28', '0000-00-00', 0, 0),
(846, 'PÁ.8866', 268, '2006-12-28', '0000-00-00', 0, 3),
(847, 'MR.6252', 168, '2006-12-19', '0000-00-00', 0, 4),
(848, 'LC.1783', 271, '2006-12-25', '0000-00-00', 0, 3),
(849, 'CC.8149', 112, '2006-12-28', '0000-00-00', -1, 0),
(850, 'VA.2259', 94, '2006-12-28', '0000-00-00', 0, 2),
(851, 'KR.1250', 291, '2006-12-17', '0000-00-00', 0, 3),
(852, 'KZ.0655', 278, '2006-12-28', '0000-00-00', 0, 1),
(853, 'HJ.9546', 154, '2006-12-28', '0000-00-00', 0, 0),
(854, 'SM.9865', 433, '2006-12-28', '0000-00-00', 0, 3),
(855, 'BÉ.6009', 344, '2006-12-28', '0000-00-00', 0, 3),
(856, 'PZ.3422', 95, '2006-12-28', '0000-00-00', 0, 1),
(857, 'BH.2477', 398, '2006-12-16', '0000-00-00', 0, 1),
(858, 'DZ.0482', 184, '2006-12-28', '0000-00-00', 0, 2),
(859, 'ZA.1437', 32, '2006-12-28', '0000-00-00', 0, 3),
(860, 'BF.9222', 159, '2006-12-28', '0000-00-00', 0, 1),
(861, 'GF.7188', 415, '2006-12-28', '0000-00-00', 0, 1),
(862, 'DF.9341', 117, '2006-12-26', '0000-00-00', -1, 0),
(863, 'TÁ.5800', 10, '2006-12-21', '0000-00-00', 0, 5),
(864, 'NE.7433', 253, '2006-12-28', '0000-00-00', 0, 3),
(865, 'HÁ.9604', 365, '2006-12-20', '0000-00-00', 0, 0),
(866, 'DN.4292', 338, '2006-12-28', '0000-00-00', 0, 1),
(867, 'SA.2066', 362, '2006-12-28', '0000-00-00', 0, 0),
(868, 'LN.4151', 363, '2006-12-18', '2006-12-18', 0, 0),
(869, 'KA.2208', 264, '2006-12-29', '2006-12-31', 0, 0),
(870, 'BK.0518', 418, '2006-12-29', '0000-00-00', 0, 1),
(871, 'BA.1855', 303, '2006-12-29', '0000-00-00', 0, 0),
(872, 'DR.0586', 39, '2006-12-18', '0000-00-00', 0, 1),
(873, 'HL.5256', 210, '2006-12-29', '0000-00-00', 0, 4),
(874, 'SA.3491', 129, '2006-12-29', '2007-01-13', 0, 0),
(875, 'KG.2387', 24, '2006-12-29', '0000-00-00', -1, 0),
(876, 'MR.4488', 245, '2006-12-29', '0000-00-00', 0, 1),
(877, 'NL.4599', 246, '2006-12-24', '0000-00-00', 0, 2),
(878, 'DD.1631', 239, '2006-12-17', '0000-00-00', 0, 5),
(879, 'DM.1593', 417, '2006-12-26', '0000-00-00', 0, 2),
(880, 'HF.1310', 80, '2006-12-29', '0000-00-00', 0, 5),
(881, 'KG.6854', 376, '2006-12-29', '0000-00-00', -1, 0),
(882, 'HR.5369', 65, '2006-12-26', '0000-00-00', 0, 1),
(883, 'BR.7944', 7, '2006-12-17', '0000-00-00', 0, 2),
(884, 'LZ.5815', 264, '2006-12-29', '0000-00-00', 0, 4),
(885, 'ZM.2168', 122, '2006-12-29', '0000-00-00', 0, 2),
(886, 'DH.0622', 34, '2006-12-29', '0000-00-00', 0, 0),
(887, 'PT.8998', 110, '2006-12-29', '0000-00-00', 0, 3),
(888, 'MT.8909', 178, '2006-12-29', '0000-00-00', 0, 5),
(889, 'BD.5403', 382, '2006-12-29', '0000-00-00', 0, 1),
(890, 'ÖI.7617', 359, '2006-12-15', '2006-12-17', 0, 0),
(891, 'BK.9031', 280, '2006-12-29', '0000-00-00', -1, 0),
(892, 'SD.3531', 56, '2006-12-25', '0000-00-00', 0, 0),
(893, 'DD.1368', 320, '2006-12-16', '0000-00-00', 0, 1),
(894, 'VA.0359', 239, '2006-12-18', '0000-00-00', 0, 5),
(895, 'KZ.0395', 284, '2006-12-29', '2007-01-02', 0, 0),
(896, 'WA.7808', 96, '2006-12-29', '0000-00-00', 0, 3),
(897, 'NE.8938', 249, '2006-12-18', '0000-00-00', 0, 1),
(898, 'PK.8359', 306, '2006-12-29', '0000-00-00', 0, 3),
(899, 'RN.8935', 268, '2006-12-29', '0000-00-00', 0, 3),
(900, 'KO.3883', 403, '2006-12-29', '0000-00-00', 0, 2),
(901, 'PÁ.8866', 227, '2006-12-29', '0000-00-00', 0, 4),
(902, 'KT.3693', 8, '2006-12-29', '0000-00-00', 0, 0),
(903, 'RÁ.9031', 124, '2006-12-26', '0000-00-00', 0, 0),
(904, 'HD.5835', 130, '2006-12-29', '0000-00-00', 0, 3),
(905, 'NK.3080', 253, '2006-12-29', '2007-01-01', 0, 0),
(906, 'CK.7336', 441, '2006-12-20', '2006-12-20', 0, 0),
(907, 'PZ.3422', 221, '2006-12-29', '0000-00-00', 0, 2),
(908, 'KM.0064', 415, '2006-12-29', '0000-00-00', 0, 2),
(909, 'BR.7690', 249, '2006-12-16', '0000-00-00', 0, 1),
(910, 'MG.0051', 376, '2006-12-29', '0000-00-00', 0, 0),
(911, 'GA.2975', 49, '2006-12-29', '2007-01-01', 0, 0),
(912, 'VD.4792', 259, '2006-12-29', '2007-01-01', 0, 0);
INSERT INTO jelentkezes (id, hallgatoid, vizsgaid, jeldatum, ledatum, igazolt, jegy) VALUES
(913, 'ET.9171', 214, '2006-12-20', '2006-12-20', 0, 0),
(914, 'KT.3375', 89, '2006-12-29', '0000-00-00', -1, 0),
(915, 'FA.7252', 395, '2006-12-17', '0000-00-00', 0, 0),
(916, 'ZK.0196', 81, '2006-12-26', '2006-12-27', 0, 0),
(917, 'VM.4330', 181, '2006-12-29', '0000-00-00', -1, 0),
(918, 'HÁ.9604', 156, '2006-12-29', '0000-00-00', 0, 4),
(919, 'TR.9276', 43, '2006-12-29', '0000-00-00', 0, 3),
(920, 'TR.9276', 224, '2006-12-19', '0000-00-00', 0, 2),
(921, 'FV.6217', 199, '2006-12-29', '0000-00-00', 0, 0),
(922, 'DZ.5170', 134, '2006-12-17', '0000-00-00', -1, 0),
(923, 'SE.5166', 414, '2006-12-30', '2006-12-30', 0, 0),
(924, 'KN.4319', 156, '2006-12-30', '0000-00-00', 0, 2),
(925, 'JA.0000', 259, '2006-12-30', '0000-00-00', 0, 3),
(926, 'SK.7549', 337, '2006-12-16', '0000-00-00', 0, 2),
(927, 'FK.0490', 347, '2006-12-30', '0000-00-00', 0, 3),
(928, 'EH.0733', 109, '2006-12-30', '0000-00-00', 0, 1),
(929, 'EH.0733', 72, '2006-12-30', '0000-00-00', -1, 0),
(930, 'PT.6509', 284, '2006-12-30', '0000-00-00', 0, 5),
(931, 'JÁ.0898', 59, '2006-12-30', '0000-00-00', 0, 2),
(932, 'SP.3373', 187, '2006-12-30', '0000-00-00', 0, 2),
(933, 'VÁ.1907', 233, '2006-12-19', '0000-00-00', 0, 2),
(934, 'VÁ.1907', 322, '2006-12-30', '0000-00-00', 0, 3),
(935, 'GD.2662', 310, '2006-12-30', '2006-12-30', 0, 0),
(936, 'GA.5549', 192, '2006-12-27', '0000-00-00', 0, 3),
(937, 'CN.2071', 109, '2006-12-30', '0000-00-00', 0, 0),
(938, 'HP.4209', 291, '2006-12-16', '0000-00-00', 0, 3),
(939, 'CB.0357', 113, '2006-12-30', '0000-00-00', 0, 3),
(940, 'DH.0622', 36, '2006-12-30', '0000-00-00', 0, 0),
(941, 'LZ.3412', 276, '2006-12-27', '0000-00-00', 0, 0),
(942, 'GF.0708', 74, '2006-12-17', '0000-00-00', 0, 1),
(943, 'VJ.5418', 330, '2006-12-20', '0000-00-00', 0, 4),
(944, 'BK.9868', 240, '2006-12-30', '0000-00-00', 0, 0),
(945, 'NE.8938', 355, '2006-12-30', '0000-00-00', 0, 1),
(946, 'DO.7540', 72, '2006-12-30', '0000-00-00', 0, 0),
(947, 'GA.5664', 144, '2006-12-27', '0000-00-00', -1, 0),
(948, 'KD.9655', 381, '2006-12-18', '0000-00-00', 0, 2),
(949, 'KO.3883', 79, '2006-12-30', '0000-00-00', 0, 0),
(950, 'NE.8592', 142, '2006-12-16', '0000-00-00', 0, 1),
(951, 'GN.4140', 24, '2006-12-30', '0000-00-00', 0, 1),
(952, 'RR.1938', 295, '2006-12-30', '0000-00-00', 0, 2),
(953, 'HD.5835', 38, '2006-12-25', '0000-00-00', 0, 3),
(954, 'TS.7842', 122, '2006-12-30', '0000-00-00', 0, 4),
(955, 'HB.5620', 128, '2006-12-30', '0000-00-00', 0, 3),
(956, 'PJ.2796', 273, '2006-12-30', '0000-00-00', 0, 4),
(957, 'PM.3407', 414, '2006-12-30', '2006-12-31', 0, 0),
(958, 'BK.5793', 257, '2006-12-30', '0000-00-00', 0, 4),
(959, 'GZ.2610', 79, '2006-12-30', '0000-00-00', 0, 2),
(960, 'HN.3762', 179, '2006-12-20', '2006-12-20', 0, 0),
(961, 'FZ.0441', 343, '2006-12-26', '0000-00-00', -1, 0),
(962, 'SL.0953', 324, '2006-12-30', '0000-00-00', 0, 1),
(963, 'FB.6369', 219, '2006-12-30', '2007-01-02', 0, 0),
(964, 'TD.0542', 46, '2006-12-30', '2006-12-30', 0, 0),
(965, 'SL.7295', 225, '2006-12-31', '0000-00-00', 0, 4),
(966, 'SA.4395', 47, '2006-12-18', '2006-12-20', 0, 0),
(967, 'DT.3892', 47, '2006-12-19', '0000-00-00', 0, 1),
(968, 'ZV.6094', 102, '2006-12-17', '0000-00-00', 0, 4),
(969, 'LG.7708', 353, '2006-12-31', '0000-00-00', 0, 4),
(970, 'KB.1685', 439, '2006-12-18', '2006-12-19', 0, 0),
(971, 'TR.0881', 156, '2006-12-31', '0000-00-00', 0, 3),
(972, 'VZ.6218', 419, '2006-12-31', '0000-00-00', 0, 3),
(973, 'VG.9528', 441, '2006-12-19', '2006-12-20', 0, 0),
(974, 'VG.9528', 444, '2006-12-31', '2006-12-31', 0, 0),
(975, 'CE.9033', 403, '2006-12-31', '0000-00-00', 0, 4),
(976, 'KL.3512', 418, '2006-12-31', '0000-00-00', 0, 1),
(977, 'NI.0775', 295, '2006-12-31', '0000-00-00', 0, 2),
(978, 'FL.5093', 341, '2006-12-16', '0000-00-00', 0, 5),
(979, 'BC.6620', 394, '2006-12-31', '0000-00-00', 0, 1),
(980, 'SP.7024', 277, '2006-12-21', '2006-12-21', 0, 0),
(981, 'KÁ.7195', 382, '2006-12-31', '0000-00-00', 0, 0),
(982, 'KF.4505', 419, '2006-12-31', '0000-00-00', 0, 3),
(983, 'BP.1705', 305, '2006-12-31', '0000-00-00', 0, 2),
(984, 'JR.7464', 223, '2006-12-31', '0000-00-00', 0, 0),
(985, 'SÁ.2118', 35, '2006-12-31', '0000-00-00', 0, 1),
(986, 'CB.0357', 266, '2006-12-31', '0000-00-00', 0, 2),
(987, 'KZ.5018', 37, '2006-12-31', '0000-00-00', 0, 4),
(988, 'ZT.0107', 297, '2006-12-31', '0000-00-00', 0, 1),
(989, 'BO.5754', 5, '2006-12-31', '0000-00-00', 0, 2),
(990, 'DT.8003', 442, '2006-12-25', '0000-00-00', 0, 2),
(991, 'GF.0708', 418, '2006-12-31', '0000-00-00', 0, 5),
(992, 'HT.2648', 27, '2006-12-17', '0000-00-00', 0, 5),
(993, 'TK.9485', 231, '2006-12-31', '0000-00-00', 0, 2),
(994, 'SZ.7645', 391, '2006-12-31', '0000-00-00', 0, 2),
(995, 'LT.9524', 55, '2006-12-25', '0000-00-00', 0, 4),
(996, 'TG.1437', 232, '2006-12-19', '0000-00-00', 0, 4),
(997, 'KB.1173', 354, '2006-12-31', '2007-01-02', 0, 0),
(998, 'DD.1368', 223, '2006-12-31', '0000-00-00', 0, 3),
(999, 'TT.9111', 78, '2006-12-17', '0000-00-00', 0, 4),
(1000, 'BZ.9764', 346, '2006-12-31', '0000-00-00', 0, 3),
(1001, 'FE.7877', 48, '2006-12-31', '0000-00-00', 0, 0),
(1002, 'BZ.5983', 77, '2006-12-31', '0000-00-00', 0, 4),
(1003, 'NN.1936', 128, '2006-12-31', '2006-12-31', 0, 0),
(1004, 'GA.5664', 155, '2006-12-26', '0000-00-00', 0, 5),
(1005, 'BJ.9084', 47, '2006-12-20', '0000-00-00', 0, 2),
(1006, 'BJ.1909', 230, '2006-12-31', '0000-00-00', 0, 3),
(1007, 'LC.1783', 439, '2006-12-19', '0000-00-00', 0, 2),
(1008, 'GN.4140', 90, '2006-12-31', '0000-00-00', -1, 0),
(1009, 'MG.2583', 1, '2006-12-31', '0000-00-00', 0, 2),
(1010, 'KZ.1562', 42, '2006-12-31', '0000-00-00', 0, 3),
(1011, 'BD.7017', 45, '2006-12-31', '0000-00-00', 0, 4),
(1012, 'TS.7842', 408, '2006-12-31', '0000-00-00', -1, 0),
(1013, 'KD.0713', 417, '2006-12-28', '0000-00-00', 0, 2),
(1014, 'BL.2288', 153, '2006-12-31', '0000-00-00', 0, 1),
(1015, 'TF.2566', 44, '2006-12-31', '0000-00-00', 0, 5),
(1016, 'KG.9294', 150, '2006-12-31', '2006-12-31', 0, 0),
(1017, 'MG.0051', 165, '2006-12-31', '0000-00-00', 0, 2),
(1018, 'GZ.2610', 265, '2006-12-31', '0000-00-00', -1, 0),
(1019, 'HN.3762', 423, '2006-12-31', '0000-00-00', 0, 4),
(1020, 'ST.1388', 286, '2006-12-31', '2007-01-06', 0, 0),
(1021, 'LA.4055', 289, '2006-12-31', '0000-00-00', 0, 2),
(1022, 'KM.9421', 243, '2006-12-31', '0000-00-00', 0, 4),
(1023, 'FB.6369', 342, '2006-12-21', '2006-12-21', 0, 0),
(1024, 'KA.5612', 399, '2006-12-31', '2007-01-02', 0, 0),
(1025, 'NÁ.8086', 307, '2006-12-25', '2006-12-25', 0, 0),
(1026, 'SB.7380', 326, '2006-12-18', '2006-12-18', 0, 0),
(1027, 'TD.1781', 319, '2007-01-01', '2007-01-01', 0, 0),
(1028, 'ZV.6094', 209, '2006-12-17', '0000-00-00', 0, 1),
(1029, 'JT.2233', 162, '2007-01-01', '0000-00-00', 0, 4),
(1030, 'VZ.6218', 338, '2007-01-01', '0000-00-00', 0, 1),
(1031, 'VZ.0162', 60, '2007-01-01', '0000-00-00', 0, 4),
(1032, 'ZE.8808', 332, '2007-01-01', '2007-01-02', 0, 0),
(1033, 'KE.1884', 165, '2007-01-01', '0000-00-00', 0, 3),
(1034, 'SP.7024', 147, '2007-01-01', '2007-01-02', 0, 0),
(1035, 'KA.4781', 119, '2006-12-24', '0000-00-00', -1, 0),
(1036, 'HZ.1789', 143, '2007-01-01', '0000-00-00', -1, 0),
(1037, 'IR.6871', 191, '2007-01-01', '0000-00-00', 0, 2),
(1038, 'SB.4943', 391, '2007-01-01', '0000-00-00', 0, 1),
(1039, 'KG.6854', 423, '2007-01-01', '0000-00-00', 0, 2),
(1040, 'DP.6361', 29, '2006-12-27', '2006-12-27', 0, 0),
(1041, 'BR.7944', 40, '2007-01-01', '0000-00-00', 0, 1),
(1042, 'ZM.2168', 412, '2006-12-17', '0000-00-00', 0, 2),
(1043, 'DH.0622', 68, '2007-01-01', '0000-00-00', 0, 4),
(1044, 'SK.6666', 440, '2007-01-01', '0000-00-00', 0, 4),
(1045, 'GK.1748', 311, '2006-12-21', '0000-00-00', 0, 2),
(1046, 'VK.1033', 404, '2007-01-01', '0000-00-00', 0, 2),
(1047, 'TP.6487', 9, '2007-01-01', '0000-00-00', 0, 3),
(1048, 'SG.0599', 157, '2007-01-01', '0000-00-00', 0, 1),
(1049, 'BK.9868', 77, '2007-01-01', '0000-00-00', 0, 4),
(1050, 'CB.9649', 286, '2007-01-01', '0000-00-00', 0, 0),
(1051, 'FK.5630', 253, '2007-01-01', '0000-00-00', 0, 3),
(1052, 'VA.0359', 88, '2007-01-01', '2007-01-05', 0, 0),
(1053, 'BZ.5983', 376, '2007-01-01', '2007-01-04', 0, 0),
(1054, 'GA.5664', 141, '2007-01-01', '0000-00-00', -1, 0),
(1055, 'NB.3720', 144, '2006-12-26', '0000-00-00', 0, 5),
(1056, 'PG.1224', 414, '2007-01-01', '0000-00-00', 0, 4),
(1057, 'KZ.5427', 162, '2007-01-01', '0000-00-00', -1, 0),
(1058, 'SA.5551', 345, '2007-01-01', '0000-00-00', -1, 0),
(1059, 'GN.4140', 417, '2006-12-26', '0000-00-00', 0, 4),
(1060, 'VA.2259', 13, '2007-01-01', '2007-01-01', 0, 0),
(1061, 'TB.5503', 20, '2007-01-01', '0000-00-00', 0, 1),
(1062, 'NA.3383', 435, '2007-01-01', '0000-00-00', 0, 4),
(1063, 'SR.3743', 353, '2007-01-01', '2007-01-02', 0, 0),
(1064, 'RÁ.0491', 336, '2007-01-01', '0000-00-00', 0, 2),
(1065, 'BD.7017', 429, '2006-12-26', '0000-00-00', 0, 2),
(1066, 'SZ.5839', 204, '2006-12-15', '0000-00-00', 0, 2),
(1067, 'FA.4088', 268, '2007-01-01', '0000-00-00', 0, 2),
(1068, 'BR.7690', 62, '2007-01-01', '0000-00-00', 0, 2),
(1069, 'TF.2566', 50, '2006-12-24', '0000-00-00', 0, 2),
(1070, 'HI.5860', 405, '2006-12-15', '0000-00-00', 0, 0),
(1071, 'VD.4792', 65, '2006-12-28', '0000-00-00', 0, 1),
(1072, 'KB.7935', 236, '2007-01-01', '0000-00-00', 0, 4),
(1073, 'NS.0091', 422, '2006-12-19', '0000-00-00', 0, 1),
(1074, 'FB.6369', 33, '2007-01-01', '0000-00-00', 0, 4),
(1075, 'KA.5612', 191, '2007-01-01', '0000-00-00', 0, 2),
(1076, 'KI.8112', 366, '2006-12-17', '0000-00-00', 0, 3),
(1077, 'PG.8846', 315, '2007-01-02', '0000-00-00', 0, 2),
(1078, 'BK.0518', 189, '2007-01-02', '0000-00-00', 0, 5),
(1079, 'KL.3902', 440, '2007-01-02', '2007-01-02', 0, 0),
(1080, 'DT.3892', 278, '2007-01-02', '0000-00-00', 0, 5),
(1081, 'HL.5256', 386, '2006-12-17', '0000-00-00', 0, 0),
(1082, 'ZV.6094', 81, '2006-12-27', '0000-00-00', 0, 3),
(1083, 'SZ.2133', 441, '2006-12-19', '0000-00-00', 0, 3),
(1084, 'KI.1361', 184, '2007-01-02', '2007-01-02', 0, 0),
(1085, 'LO.1112', 158, '2006-12-25', '0000-00-00', -1, 0),
(1086, 'WZ.8323', 236, '2007-01-02', '0000-00-00', -1, 0),
(1087, 'HR.5369', 147, '2007-01-02', '2007-01-06', 0, 0),
(1088, 'FG.2306', 190, '2006-12-19', '0000-00-00', 0, 2),
(1089, 'KR.2012', 142, '2006-12-16', '0000-00-00', 0, 2),
(1090, 'ME.0837', 317, '2007-01-02', '0000-00-00', 0, 2),
(1091, 'JF.5515', 424, '2007-01-02', '0000-00-00', 0, 1),
(1092, 'KA.7622', 100, '2007-01-02', '0000-00-00', 0, 2),
(1093, 'AG.3206', 145, '2007-01-01', '0000-00-00', 0, 3),
(1094, 'ZZ.2484', 413, '2007-01-02', '0000-00-00', 0, 4),
(1095, 'BB.2406', 368, '2006-12-20', '2006-12-21', 0, 0),
(1096, 'CB.9649', 342, '2006-12-19', '0000-00-00', 0, 4),
(1097, 'VV.8246', 88, '2007-01-02', '0000-00-00', 0, 1),
(1098, 'BZ.9764', 2, '2007-01-02', '0000-00-00', 0, 3),
(1099, 'HE.4604', 110, '2007-01-02', '0000-00-00', 0, 0),
(1100, 'PP.3278', 431, '2007-01-02', '0000-00-00', 0, 5),
(1101, 'WA.7808', 342, '2006-12-21', '0000-00-00', 0, 3),
(1102, 'KD.9655', 378, '2007-01-02', '0000-00-00', 0, 4),
(1103, 'BJ.9084', 352, '2006-12-26', '0000-00-00', -1, 0),
(1104, 'BJ.1909', 431, '2007-01-02', '0000-00-00', 0, 4),
(1105, 'SÁ.1945', 347, '2007-01-02', '0000-00-00', 0, 2),
(1106, 'PZ.5820', 210, '2007-01-02', '0000-00-00', 0, 3),
(1107, 'HJ.9546', 3, '2006-12-17', '0000-00-00', 0, 0),
(1108, 'SV.4386', 205, '2007-01-01', '0000-00-00', 0, 5),
(1109, 'VP.4293', 52, '2006-12-31', '0000-00-00', 0, 5),
(1110, 'GG.4642', 102, '2006-12-17', '0000-00-00', 0, 2),
(1111, 'FA.4088', 240, '2007-01-02', '0000-00-00', 0, 2),
(1112, 'HI.0471', 107, '2006-12-16', '0000-00-00', 0, 3),
(1113, 'IV.8600', 33, '2007-01-02', '0000-00-00', 0, 2),
(1114, 'SP.1261', 108, '2007-01-02', '0000-00-00', 0, 1),
(1115, 'KO.6387', 426, '2007-01-02', '0000-00-00', 0, 5),
(1116, 'TD.0542', 72, '2007-01-02', '0000-00-00', 0, 4),
(1117, 'VM.4330', 62, '2007-01-02', '0000-00-00', 0, 4),
(1118, 'TÁ.6462', 296, '2007-01-02', '0000-00-00', 0, 5),
(1119, 'FN.3441', 66, '2007-01-02', '2007-01-03', 0, 0),
(1120, 'DN.4292', 418, '2006-12-30', '0000-00-00', -1, 0),
(1121, 'KA.2208', 314, '2007-01-03', '2007-01-05', 0, 0),
(1122, 'SK.7549', 260, '2007-01-03', '0000-00-00', -1, 0),
(1123, 'KL.3902', 23, '2006-12-19', '0000-00-00', 0, 3),
(1124, 'KL.3902', 329, '2007-01-03', '0000-00-00', 0, 4),
(1125, 'BJ.6683', 211, '2006-12-26', '2006-12-26', 0, 0),
(1126, 'TR.0881', 442, '2006-12-27', '2006-12-27', 0, 0),
(1127, 'VZ.6218', 312, '2006-12-25', '2006-12-26', 0, 0),
(1128, 'MM.1932', 5, '2007-01-03', '0000-00-00', 0, 5),
(1129, 'KÁ.8010', 368, '2006-12-20', '0000-00-00', 0, 2),
(1130, 'SP.7024', 331, '2007-01-03', '2007-01-03', 0, 0),
(1131, 'WZ.8323', 179, '2006-12-19', '0000-00-00', -1, 0),
(1132, 'DP.6361', 199, '2007-01-03', '0000-00-00', 0, 4),
(1133, 'TG.7327', 67, '2007-01-03', '0000-00-00', 0, 2),
(1134, 'BR.7944', 372, '2006-12-17', '0000-00-00', 0, 5),
(1135, 'LZ.5815', 370, '2007-01-03', '0000-00-00', 0, 3),
(1136, 'LZ.5815', 270, '2006-12-26', '0000-00-00', 0, 3),
(1137, 'ÉI.1563', 241, '2007-01-03', '0000-00-00', 0, 5),
(1138, 'SA.3924', 357, '2007-01-03', '0000-00-00', 0, 1),
(1139, 'SZ.7645', 182, '2006-12-25', '0000-00-00', 0, 3),
(1140, 'PB.2815', 67, '2007-01-03', '0000-00-00', 0, 3),
(1141, 'SI.4200', 407, '2007-01-03', '0000-00-00', 0, 5),
(1142, 'LI.5564', 288, '2006-12-25', '0000-00-00', 0, 1),
(1143, 'CM.4548', 47, '2006-12-18', '0000-00-00', 0, 4),
(1144, 'NM.2008', 237, '2006-12-15', '0000-00-00', -1, 0),
(1145, 'KT.0459', 347, '2007-01-03', '0000-00-00', 0, 2),
(1146, 'SZ.1507', 276, '2006-12-27', '0000-00-00', 0, 1),
(1147, 'NE.8592', 409, '2007-01-03', '0000-00-00', -1, 0),
(1148, 'SI.9506', 173, '2007-01-03', '2007-01-03', 0, 0),
(1149, 'CC.8149', 431, '2007-01-03', '0000-00-00', -1, 0),
(1150, 'BV.8613', 417, '2006-12-27', '0000-00-00', 0, 2),
(1151, 'CA.5867', 363, '2006-12-19', '0000-00-00', 0, 1),
(1152, 'BJ.3138', 224, '2006-12-20', '2006-12-20', 0, 0),
(1153, 'FI.7903', 90, '2007-01-03', '0000-00-00', 0, 2),
(1154, 'NÁ.0883', 112, '2007-01-01', '0000-00-00', 0, 2),
(1155, 'NT.2825', 343, '2006-12-24', '0000-00-00', 0, 1),
(1156, 'BL.2493', 52, '2006-12-31', '0000-00-00', 0, 1),
(1157, 'SE.4988', 2, '2007-01-03', '0000-00-00', 0, 1),
(1158, 'FV.6217', 20, '2007-01-03', '0000-00-00', -1, 0),
(1159, 'SZ.2526', 55, '2006-12-25', '2006-12-25', 0, 0),
(1160, 'HO.9226', 51, '2007-01-04', '0000-00-00', 0, 1),
(1161, 'TD.1781', 86, '2007-01-04', '0000-00-00', 0, 5),
(1162, 'FB.9611', 155, '2006-12-26', '0000-00-00', 0, 1),
(1163, 'SZ.3265', 103, '2007-01-02', '0000-00-00', 0, 1),
(1164, 'DF.0284', 86, '2007-01-04', '2007-01-05', 0, 0),
(1165, 'BT.6827', 210, '2007-01-04', '0000-00-00', 0, 4),
(1166, 'BE.4516', 295, '2007-01-04', '0000-00-00', 0, 2),
(1167, 'BE.5502', 151, '2007-01-04', '0000-00-00', -1, 0),
(1168, 'BD.2876', 202, '2007-01-04', '2007-01-04', 0, 0),
(1169, 'BT.7290', 130, '2007-01-02', '0000-00-00', 0, 3),
(1170, 'TK.9485', 313, '2006-12-21', '2006-12-21', 0, 0),
(1171, 'MG.4956', 123, '2006-12-16', '0000-00-00', 0, 3),
(1172, 'TS.8046', 205, '2007-01-01', '0000-00-00', 0, 2),
(1173, 'LI.5564', 6, '2006-12-21', '2006-12-21', 0, 0),
(1174, 'LI.5564', 75, '2007-01-01', '0000-00-00', 0, 2),
(1175, 'BV.3992', 77, '2007-01-04', '0000-00-00', 0, 2),
(1176, 'SE.8312', 135, '2007-01-04', '0000-00-00', 0, 2),
(1177, 'DT.2128', 417, '2006-12-26', '0000-00-00', 0, 2),
(1178, 'LC.1783', 165, '2007-01-04', '0000-00-00', 0, 2),
(1179, 'SC.0593', 251, '2007-01-04', '2007-01-06', 0, 0),
(1180, 'KZ.1562', 200, '2007-01-04', '0000-00-00', 0, 3),
(1181, 'HM.1325', 140, '2007-01-04', '0000-00-00', 0, 5),
(1182, 'RÁ.9031', 66, '2007-01-04', '0000-00-00', 0, 1),
(1183, 'SG.4984', 421, '2006-12-16', '0000-00-00', 0, 3),
(1184, 'KG.9294', 92, '2006-12-28', '0000-00-00', 0, 1),
(1185, 'PL.3848', 237, '2006-12-16', '2006-12-16', 0, 0),
(1186, 'MG.0051', 202, '2007-01-04', '0000-00-00', 0, 4),
(1187, 'KZ.3839', 256, '2007-01-04', '0000-00-00', 0, 3),
(1188, 'KN.5091', 326, '2006-12-18', '0000-00-00', 0, 3),
(1189, 'AZ.4317', 162, '2007-01-04', '0000-00-00', 0, 3),
(1190, 'AZ.4317', 343, '2006-12-24', '2006-12-24', 0, 0),
(1191, 'IV.8600', 161, '2007-01-04', '0000-00-00', 0, 4),
(1192, 'VZ.2157', 176, '2006-12-25', '0000-00-00', 0, 1),
(1193, 'VL.8552', 432, '2007-01-04', '0000-00-00', 0, 1),
(1194, 'SE.4988', 12, '2006-12-24', '0000-00-00', 0, 3),
(1195, 'SA.2066', 224, '2006-12-20', '0000-00-00', 0, 2),
(1196, 'SL.7295', 145, '2006-12-30', '0000-00-00', -1, 0),
(1197, 'KA.2208', 120, '2006-12-20', '0000-00-00', 0, 1),
(1198, 'BK.0518', 188, '2007-01-05', '0000-00-00', 0, 5),
(1199, 'CI.3333', 68, '2007-01-05', '0000-00-00', 0, 4),
(1200, 'JT.2233', 271, '2006-12-25', '0000-00-00', 0, 2),
(1201, 'MV.6897', 8, '2007-01-05', '0000-00-00', -1, 0),
(1202, 'KI.1361', 260, '2007-01-05', '0000-00-00', 0, 1),
(1203, 'EL.3713', 300, '2007-01-05', '0000-00-00', 0, 5),
(1204, 'WT.5063', 177, '2007-01-01', '0000-00-00', 0, 3),
(1205, 'SP.3373', 68, '2007-01-05', '0000-00-00', 0, 2),
(1206, 'SK.9881', 167, '2007-01-05', '0000-00-00', 0, 2),
(1207, 'HZ.5970', 268, '2007-01-05', '2007-01-06', 0, 0),
(1208, 'JC.5136', 61, '2007-01-05', '0000-00-00', 0, 1),
(1209, 'KA.4781', 106, '2007-01-05', '0000-00-00', 0, 5),
(1210, 'TZ.5158', 351, '2007-01-02', '0000-00-00', 0, 2),
(1211, 'HR.5369', 309, '2007-01-05', '0000-00-00', 0, 2),
(1212, 'ZM.2168', 148, '2006-12-15', '2006-12-17', 0, 0),
(1213, 'EZ.8360', 3, '2006-12-19', '2006-12-19', 0, 0),
(1214, 'NA.4463', 286, '2007-01-05', '2007-01-08', 0, 0),
(1215, 'MI.1330', 107, '2006-12-18', '0000-00-00', 0, 1),
(1216, 'LV.9121', 407, '2007-01-05', '2007-01-05', 0, 0),
(1217, 'NA.8989', 167, '2007-01-05', '0000-00-00', 0, 2),
(1218, 'VE.9558', 171, '2006-12-20', '0000-00-00', 0, 1),
(1219, 'KR.1250', 130, '2006-12-31', '0000-00-00', 0, 1),
(1220, 'KZ.1562', 288, '2006-12-25', '0000-00-00', 0, 1),
(1221, 'NA.3383', 185, '2007-01-05', '0000-00-00', 0, 2),
(1222, 'RR.1938', 442, '2006-12-27', '0000-00-00', 0, 1),
(1223, 'VP.4293', 45, '2007-01-05', '0000-00-00', 0, 3),
(1224, 'BL.3216', 331, '2007-01-03', '0000-00-00', 0, 0),
(1225, 'TT.5109', 45, '2007-01-05', '0000-00-00', 0, 3),
(1226, 'KL.0555', 214, '2006-12-18', '0000-00-00', 0, 4),
(1227, 'VI.6465', 315, '2007-01-05', '0000-00-00', 0, 4),
(1228, 'HE.1802', 199, '2007-01-05', '2007-01-08', 0, 0),
(1229, 'JA.1261', 9, '2007-01-05', '2007-01-07', 0, 0),
(1230, 'SP.1261', 232, '2006-12-19', '0000-00-00', -1, 0),
(1231, 'ML.8755', 141, '2007-01-05', '2007-01-06', 0, 0),
(1232, 'DK.7517', 374, '2007-01-06', '0000-00-00', 0, 1),
(1233, 'JA.0000', 425, '2007-01-06', '0000-00-00', 0, 2),
(1234, 'CL.2002', 142, '2006-12-17', '0000-00-00', 0, 0),
(1235, 'IB.7575', 62, '2007-01-06', '0000-00-00', 0, 1),
(1236, 'VK.5984', 319, '2006-12-31', '0000-00-00', 0, 3),
(1237, 'DT.3892', 71, '2007-01-06', '0000-00-00', 0, 1),
(1238, 'FS.9718', 244, '2007-01-06', '0000-00-00', 0, 1),
(1239, 'FK.0490', 360, '2007-01-06', '0000-00-00', 0, 1),
(1240, 'ST.7445', 208, '2007-01-03', '0000-00-00', 0, 3),
(1241, 'FV.9396', 326, '2006-12-17', '2006-12-18', 0, 0),
(1242, 'KI.1361', 251, '2007-01-06', '0000-00-00', -1, 0),
(1243, 'NG.2881', 372, '2006-12-17', '2006-12-17', 0, 0),
(1244, 'WZ.8323', 137, '2006-12-19', '2006-12-19', 0, 0),
(1245, 'BA.2113', 355, '2007-01-03', '2007-01-04', 0, 0),
(1246, 'OZ.6658', 187, '2007-01-06', '0000-00-00', 0, 1),
(1247, 'MP.2200', 117, '2006-12-27', '2006-12-27', 0, 0),
(1248, 'EZ.8360', 249, '2006-12-18', '2006-12-18', 0, 0),
(1249, 'VT.9241', 231, '2007-01-06', '0000-00-00', 0, 1),
(1250, 'SG.0052', 370, '2007-01-06', '0000-00-00', 0, 1),
(1251, 'HZ.0315', 107, '2006-12-17', '0000-00-00', 0, 1),
(1252, 'HK.4101', 376, '2007-01-06', '0000-00-00', 0, 1),
(1253, 'BZ.9764', 129, '2007-01-06', '2007-01-13', 0, 0),
(1254, 'BV.6067', 367, '2007-01-06', '2007-01-06', 0, 0),
(1255, 'EJ.8890', 371, '2007-01-06', '0000-00-00', 0, 3),
(1256, 'VA.2259', 395, '2006-12-16', '0000-00-00', 0, 1),
(1257, 'SC.0666', 430, '2007-01-06', '0000-00-00', 0, 4),
(1258, 'GG.4642', 312, '2006-12-24', '0000-00-00', 0, 1),
(1259, 'DZ.2573', 77, '2007-01-06', '0000-00-00', 0, 3),
(1260, 'KL.2811', 303, '2007-01-06', '2007-01-07', 0, 0),
(1261, 'SG.4984', 79, '2007-01-06', '0000-00-00', 0, 2),
(1262, 'KM.0064', 345, '2007-01-06', '0000-00-00', -1, 0),
(1263, 'BF.9222', 228, '2006-12-17', '0000-00-00', 0, 1),
(1264, 'BS.8812', 95, '2007-01-06', '0000-00-00', 0, 2),
(1265, 'MG.0051', 2, '2007-01-06', '0000-00-00', 0, 4),
(1266, 'VB.8083', 92, '2006-12-28', '0000-00-00', 0, 3),
(1267, 'NT.2825', 179, '2006-12-19', '0000-00-00', 0, 3),
(1268, 'IV.8600', 291, '2006-12-16', '0000-00-00', 0, 3),
(1269, 'BD.1068', 75, '2007-01-01', '0000-00-00', 0, 3),
(1270, 'JP.2869', 363, '2006-12-19', '0000-00-00', 0, 3),
(1271, 'PC.8778', 17, '2007-01-02', '0000-00-00', 0, 3),
(1272, 'ZK.0196', 159, '2007-01-06', '0000-00-00', -1, 0),
(1273, 'ML.8755', 276, '2006-12-27', '2006-12-27', 0, 0),
(1274, 'SE.5166', 252, '2006-12-18', '0000-00-00', 0, 4),
(1275, 'HA.6109', 112, '2006-12-31', '0000-00-00', 0, 1),
(1276, 'BT.4289', 107, '2006-12-18', '0000-00-00', 0, 4),
(1277, 'TL.5319', 56, '2006-12-25', '0000-00-00', 0, 1),
(1278, 'BB.4956', 214, '2006-12-18', '2006-12-19', 0, 0),
(1279, 'ND.5203', 347, '2007-01-07', '2007-01-07', 0, 0),
(1280, 'SZ.2133', 103, '2006-12-31', '0000-00-00', 0, 3),
(1281, 'WT.5063', 380, '2007-01-07', '0000-00-00', 0, 5),
(1282, 'VÁ.1907', 355, '2007-01-02', '0000-00-00', -1, 0),
(1283, 'MP.1548', 256, '2007-01-03', '0000-00-00', -1, 0),
(1284, 'KL.1723', 141, '2007-01-07', '2007-01-07', 0, 0),
(1285, 'ÁE.4776', 379, '2007-01-07', '0000-00-00', 0, 4),
(1286, 'MN.9696', 85, '2006-12-18', '0000-00-00', 0, 2),
(1287, 'JE.5179', 309, '2007-01-07', '0000-00-00', 0, 2),
(1288, 'RA.8864', 109, '2007-01-07', '0000-00-00', 0, 3),
(1289, 'BE.4516', 315, '2007-01-07', '0000-00-00', 0, 3),
(1290, 'SA.3924', 46, '2007-01-07', '0000-00-00', -1, 0),
(1291, 'FK.2581', 349, '2006-12-16', '0000-00-00', 0, 2),
(1292, 'VN.5671', 316, '2007-01-07', '2007-01-07', 0, 0),
(1293, 'VN.5671', 32, '2007-01-07', '0000-00-00', 0, 4),
(1294, 'BK.9868', 274, '2007-01-02', '0000-00-00', 0, 4),
(1295, 'KB.1173', 430, '2007-01-07', '0000-00-00', 0, 5),
(1296, 'KB.1173', 91, '2007-01-07', '0000-00-00', 0, 1),
(1297, 'TS.8046', 195, '2006-12-27', '0000-00-00', 0, 2),
(1298, 'KK.9708', 238, '2006-12-18', '0000-00-00', 0, 1),
(1299, 'HE.4604', 150, '2007-01-03', '0000-00-00', 0, 3),
(1300, 'KZ.0395', 317, '2007-01-07', '0000-00-00', -1, 0),
(1301, 'PK.8359', 134, '2006-12-16', '0000-00-00', 0, 1),
(1302, 'FM.2056', 153, '2007-01-07', '0000-00-00', 0, 3),
(1303, 'VE.9558', 247, '2007-01-07', '0000-00-00', 0, 2),
(1304, 'MR.6252', 194, '2006-12-17', '0000-00-00', 0, 2),
(1305, 'KB.0973', 8, '2007-01-07', '0000-00-00', 0, 4),
(1306, 'BJ.1909', 405, '2006-12-17', '0000-00-00', 0, 4),
(1307, 'GN.4140', 315, '2007-01-07', '0000-00-00', 0, 4),
(1308, 'BÉ.6108', 246, '2006-12-25', '2006-12-25', 0, 0),
(1309, 'RK.5679', 378, '2007-01-07', '0000-00-00', 0, 2),
(1310, 'KZ.0655', 17, '2007-01-04', '0000-00-00', 0, 4),
(1311, 'HJ.9546', 342, '2006-12-19', '0000-00-00', 0, 2),
(1312, 'VA.6073', 187, '2007-01-07', '0000-00-00', 0, 0),
(1313, 'FI.7903', 253, '2007-01-07', '0000-00-00', 0, 1),
(1314, 'TT.5109', 247, '2007-01-07', '0000-00-00', 0, 3),
(1315, 'MP.1869', 117, '2006-12-27', '2006-12-27', 0, 0),
(1316, 'HI.5860', 442, '2006-12-25', '0000-00-00', 0, 2),
(1317, 'KN.5091', 346, '2007-01-07', '0000-00-00', 0, 0),
(1318, 'FI.2594', 192, '2006-12-26', '0000-00-00', -1, 0),
(1319, 'FI.2594', 300, '2007-01-07', '0000-00-00', 0, 3),
(1320, 'UD.6021', 298, '2007-01-07', '0000-00-00', 0, 1),
(1321, 'AZ.4317', 174, '2007-01-07', '2007-01-10', 0, 0),
(1322, 'KV.7158', 149, '2006-12-28', '2006-12-28', 0, 0),
(1323, 'VZ.9407', 111, '2007-01-07', '0000-00-00', 0, 2),
(1324, 'TÁ.6462', 345, '2007-01-07', '0000-00-00', 0, 2),
(1325, 'KO.7409', 177, '2007-01-03', '0000-00-00', 0, 2),
(1326, 'ZB.0230', 86, '2007-01-07', '0000-00-00', 0, 3),
(1327, 'AJ.0935', 386, '2006-12-18', '0000-00-00', 0, 5),
(1328, 'SL.7295', 121, '2007-01-08', '2007-01-10', 0, 0),
(1329, 'HA.6109', 343, '2006-12-26', '0000-00-00', -1, 0),
(1330, 'BA.1855', 326, '2006-12-16', '0000-00-00', 0, 0),
(1331, 'TE.5035', 25, '2007-01-03', '0000-00-00', 0, 3),
(1332, 'MR.0674', 15, '2007-01-08', '0000-00-00', 0, 4),
(1333, 'CI.3333', 126, '2006-12-19', '2006-12-20', 0, 0),
(1334, 'NS.4608', 241, '2007-01-08', '0000-00-00', 0, 4),
(1335, 'SA.3491', 281, '2007-01-08', '2007-01-08', 0, 0),
(1336, 'FV.9396', 371, '2007-01-08', '0000-00-00', 0, 5),
(1337, 'EH.0733', 227, '2007-01-02', '0000-00-00', 0, 0),
(1338, 'KN.8193', 385, '2007-01-08', '0000-00-00', 0, 0),
(1339, 'KP.9436', 15, '2007-01-08', '2007-01-11', 0, 0),
(1340, 'NG.2881', 280, '2007-01-02', '0000-00-00', 0, 1),
(1341, 'DF.0284', 45, '2007-01-08', '0000-00-00', 0, 2),
(1342, 'FL.5093', 346, '2007-01-08', '0000-00-00', 0, 2),
(1343, 'BR.7818', 13, '2007-01-08', '0000-00-00', -1, 0),
(1344, 'GD.2662', 363, '2006-12-19', '2006-12-19', 0, 0),
(1345, 'GP.7213', 141, '2007-01-08', '0000-00-00', 0, 4),
(1346, 'RA.1998', 178, '2007-01-08', '0000-00-00', 0, 0),
(1347, 'HF.1310', 336, '2007-01-08', '0000-00-00', 0, 4),
(1348, 'KM.8913', 122, '2007-01-02', '2007-01-02', 0, 0),
(1349, 'TG.7327', 215, '2007-01-08', '0000-00-00', 0, 1),
(1350, 'EB.5954', 116, '2007-01-03', '0000-00-00', -1, 0),
(1351, 'ÉI.1563', 8, '2007-01-08', '0000-00-00', 0, 4),
(1352, 'HP.4209', 371, '2007-01-08', '0000-00-00', 0, 5),
(1353, 'ME.5423', 103, '2007-01-02', '2007-01-02', 0, 0),
(1354, 'NS.3996', 280, '2006-12-31', '0000-00-00', 0, 1),
(1355, 'KZ.8343', 41, '2007-01-08', '2007-01-09', 0, 0),
(1356, 'NN.4315', 241, '2007-01-08', '0000-00-00', 0, 2),
(1357, 'KK.9708', 263, '2007-01-08', '0000-00-00', -1, 0),
(1358, 'CM.4548', 355, '2007-01-04', '2007-01-04', 0, 0),
(1359, 'SZ.1507', 336, '2007-01-08', '0000-00-00', -1, 0),
(1360, 'KF.5885', 357, '2007-01-08', '0000-00-00', 0, 1),
(1361, 'RN.8935', 189, '2007-01-08', '0000-00-00', 0, 2),
(1362, 'KP.1420', 318, '2007-01-08', '0000-00-00', 0, 3),
(1363, 'KG.9667', 33, '2007-01-08', '0000-00-00', 0, 0),
(1364, 'KR.8740', 386, '2006-12-16', '0000-00-00', 0, 3),
(1365, 'BL.3216', 332, '2007-01-08', '0000-00-00', 0, 3),
(1366, 'MB.1464', 50, '2006-12-26', '0000-00-00', -1, 0),
(1367, 'VG.3314', 257, '2007-01-08', '0000-00-00', -1, 0),
(1368, 'KG.6963', 337, '2006-12-17', '0000-00-00', 0, 2),
(1369, 'MP.1869', 226, '2007-01-08', '0000-00-00', 0, 2),
(1370, 'VJ.7309', 52, '2006-12-30', '0000-00-00', 0, 3),
(1371, 'KV.7158', 95, '2007-01-08', '0000-00-00', 0, 3),
(1372, 'KG.2937', 409, '2007-01-08', '2007-01-08', 0, 0),
(1373, 'VZ.9407', 409, '2007-01-08', '0000-00-00', 0, 1),
(1374, 'TÁ.6462', 349, '2006-12-15', '0000-00-00', 0, 1),
(1375, 'DZ.5170', 104, '2006-12-18', '0000-00-00', -1, 0),
(1376, 'LK.8140', 338, '2007-01-09', '0000-00-00', 0, 3),
(1377, 'LK.8140', 210, '2007-01-09', '0000-00-00', 0, 2),
(1378, 'SN.0628', 410, '2007-01-09', '2007-01-13', 0, 0),
(1379, 'SL.0974', 346, '2007-01-09', '0000-00-00', 0, 2),
(1380, 'SL.0974', 96, '2007-01-09', '0000-00-00', 0, 2),
(1381, 'OZ.4473', 81, '2006-12-28', '0000-00-00', 0, 2),
(1382, 'BE.0864', 180, '2007-01-09', '0000-00-00', 0, 1),
(1383, 'KR.2297', 222, '2007-01-05', '0000-00-00', 0, 3),
(1384, 'FB.9611', 355, '2007-01-02', '0000-00-00', 0, 4),
(1385, 'HR.4421', 86, '2007-01-09', '0000-00-00', 0, 2),
(1386, 'KP.9436', 254, '2006-12-19', '2006-12-19', 0, 0),
(1387, 'KI.1361', 197, '2006-12-26', '0000-00-00', 0, 5),
(1388, 'ZE.8808', 158, '2006-12-25', '2006-12-26', 0, 0),
(1389, 'GN.4133', 93, '2006-12-31', '0000-00-00', 0, 1),
(1390, 'KM.8913', 294, '2006-12-18', '2006-12-18', 0, 0),
(1391, 'SB.9363', 368, '2006-12-19', '0000-00-00', 0, 3),
(1392, 'KN.8713', 65, '2006-12-27', '0000-00-00', 0, 0),
(1393, 'KN.2792', 243, '2007-01-09', '2007-01-11', 0, 0),
(1394, 'TV.2732', 441, '2006-12-19', '0000-00-00', 0, 1),
(1395, 'BO.5754', 150, '2007-01-02', '0000-00-00', 0, 5),
(1396, 'KO.6324', 90, '2007-01-07', '0000-00-00', 0, 4),
(1397, 'KO.6324', 308, '2006-12-25', '0000-00-00', 0, 1),
(1398, 'KZ.5876', 337, '2006-12-18', '0000-00-00', 0, 1),
(1399, 'BT.9896', 45, '2007-01-07', '0000-00-00', 0, 3),
(1400, 'MP.4948', 431, '2007-01-03', '2007-01-03', 0, 0),
(1401, 'SA.0726', 245, '2007-01-09', '0000-00-00', 0, 0),
(1402, 'DT.2128', 8, '2007-01-09', '0000-00-00', -1, 0),
(1403, 'KP.1420', 375, '2006-12-27', '0000-00-00', 0, 0),
(1404, 'KZ.0655', 411, '2007-01-09', '0000-00-00', 0, 4),
(1405, 'RL.4390', 229, '2007-01-09', '0000-00-00', -1, 0),
(1406, 'WA.8639', 23, '2006-12-18', '0000-00-00', 0, 1),
(1407, 'MR.2266', 297, '2006-12-31', '2007-01-01', 0, 0),
(1408, 'HB.5620', 12, '2006-12-25', '0000-00-00', 0, 3),
(1409, 'BR.4487', 92, '2006-12-28', '0000-00-00', 0, 5),
(1410, 'VA.6073', 22, '2007-01-03', '0000-00-00', 0, 1),
(1411, 'KZ.3839', 329, '2007-01-09', '0000-00-00', 0, 2),
(1412, 'UD.6021', 70, '2007-01-03', '0000-00-00', 0, 4),
(1413, 'BD.1068', 354, '2007-01-03', '0000-00-00', 0, 3),
(1414, 'KÁ.3479', 6, '2006-12-20', '0000-00-00', -1, 0),
(1415, 'LK.8140', 102, '2006-12-17', '0000-00-00', 0, 4),
(1416, 'LK.8140', 15, '2007-01-10', '0000-00-00', 0, 3),
(1417, 'DK.7517', 52, '2006-12-31', '2007-01-01', 0, 0),
(1418, 'BG.0504', 273, '2007-01-02', '0000-00-00', 0, 1),
(1419, 'KP.9436', 286, '2007-01-10', '0000-00-00', 0, 1),
(1420, 'SZ.3265', 422, '2006-12-17', '0000-00-00', 0, 2),
(1421, 'LO.1112', 150, '2007-01-02', '0000-00-00', -1, 0),
(1422, 'BE.1945', 22, '2007-01-02', '0000-00-00', 0, 2),
(1423, 'PK.9395', 64, '2007-01-10', '2007-01-10', 0, 0),
(1424, 'BO.5754', 112, '2006-12-31', '0000-00-00', 0, 1),
(1425, 'DT.8003', 145, '2007-01-01', '0000-00-00', 0, 2),
(1426, 'BT.7290', 307, '2006-12-24', '0000-00-00', 0, 1),
(1427, 'TP.5347', 45, '2007-01-08', '2007-01-08', 0, 0),
(1428, 'TK.9485', 347, '2007-01-10', '0000-00-00', 0, 4),
(1429, 'KJ.0231', 312, '2006-12-25', '0000-00-00', 0, 2),
(1430, 'LT.9524', 268, '2007-01-10', '0000-00-00', -1, 0),
(1431, 'ÖI.7617', 436, '2006-12-31', '0000-00-00', 0, 5),
(1432, 'NS.3996', 353, '2007-01-02', '0000-00-00', -1, 0),
(1433, 'DD.1368', 325, '2006-12-17', '0000-00-00', 0, 4),
(1434, 'MI.1330', 382, '2006-12-30', '0000-00-00', 0, 2),
(1435, 'SK.4533', 256, '2007-01-02', '0000-00-00', 0, 2),
(1436, 'VV.8246', 356, '2007-01-10', '0000-00-00', 0, 3),
(1437, 'KZ.0395', 189, '2007-01-10', '2007-01-10', 0, 0),
(1438, 'JA.9259', 335, '2007-01-10', '0000-00-00', 0, 2),
(1439, 'FZ.2691', 246, '2006-12-25', '2006-12-25', 0, 0),
(1440, 'KO.3883', 352, '2006-12-27', '0000-00-00', 0, 4),
(1441, 'NB.3720', 124, '2006-12-27', '0000-00-00', -1, 0),
(1442, 'SP.6924', 317, '2007-01-10', '0000-00-00', 0, 4),
(1443, 'PD.1010', 415, '2007-01-10', '2007-01-10', 0, 0),
(1444, 'PR.2086', 178, '2007-01-10', '0000-00-00', 0, 3),
(1445, 'GZ.1249', 114, '2007-01-10', '0000-00-00', -1, 0),
(1446, 'KM.0064', 361, '2007-01-10', '0000-00-00', 0, 3),
(1447, 'BL.4357', 408, '2007-01-10', '0000-00-00', 0, 4),
(1448, 'MR.9395', 381, '2006-12-19', '0000-00-00', 0, 3),
(1449, 'DF.9341', 266, '2007-01-10', '0000-00-00', 0, 1),
(1450, 'SK.0547', 161, '2007-01-10', '0000-00-00', 0, 2),
(1451, 'HE.1802', 50, '2006-12-24', '2006-12-25', 0, 0),
(1452, 'PV.9623', 70, '2007-01-02', '0000-00-00', 0, 0),
(1453, 'HG.8463', 369, '2007-01-10', '2007-01-10', 0, 0),
(1454, 'JA.1261', 277, '2006-12-20', '2006-12-20', 0, 0),
(1455, 'KA.6760', 191, '2006-12-31', '0000-00-00', 0, 1),
(1456, 'NG.3685', 93, '2006-12-31', '0000-00-00', 0, 4),
(1457, 'PE.3881', 330, '2006-12-20', '0000-00-00', 0, 5),
(1458, 'SE.4988', 209, '2006-12-15', '2006-12-17', 0, 0),
(1459, 'SA.2066', 411, '2007-01-10', '0000-00-00', 0, 1),
(1460, 'DR.0586', 157, '2007-01-07', '0000-00-00', 0, 4),
(1461, 'TE.5035', 166, '2007-01-01', '0000-00-00', 0, 2),
(1462, 'SG.2482', 150, '2007-01-03', '0000-00-00', 0, 5),
(1463, 'BE.0864', 13, '2007-01-08', '0000-00-00', 0, 0),
(1464, 'DT.3892', 160, '2007-01-11', '0000-00-00', 0, 3),
(1465, 'LG.7708', 355, '2007-01-02', '0000-00-00', 0, 4),
(1466, 'PC.4269', 371, '2007-01-08', '0000-00-00', 0, 5),
(1467, 'PC.4269', 204, '2006-12-15', '0000-00-00', 0, 4),
(1468, 'VG.9528', 143, '2006-12-30', '2007-01-01', 0, 0),
(1469, 'FI.4848', 365, '2006-12-20', '2006-12-20', 0, 0),
(1470, 'NF.3575', 112, '2006-12-31', '2006-12-31', 0, 0),
(1471, 'JR.7464', 14, '2007-01-07', '0000-00-00', 0, 1),
(1472, 'BE.1945', 298, '2007-01-11', '0000-00-00', 0, 4),
(1473, 'CB.0357', 388, '2007-01-11', '0000-00-00', 0, 2),
(1474, 'PK.9395', 317, '2007-01-11', '0000-00-00', -1, 0),
(1475, 'KD.0506', 293, '2007-01-11', '0000-00-00', 0, 5),
(1476, 'ST.2390', 165, '2007-01-11', '0000-00-00', 0, 2),
(1477, 'ME.5423', 317, '2007-01-11', '0000-00-00', 0, 3),
(1478, 'TP.6487', 354, '2007-01-02', '0000-00-00', 0, 2),
(1479, 'KA.7622', 211, '2006-12-25', '0000-00-00', -1, 0),
(1480, 'MT.8909', 359, '2006-12-16', '0000-00-00', 0, 2),
(1481, 'BB.8483', 199, '2007-01-10', '0000-00-00', 0, 2),
(1482, 'FE.7877', 416, '2007-01-11', '0000-00-00', 0, 2),
(1483, 'BI.0599', 176, '2006-12-27', '0000-00-00', -1, 0),
(1484, 'KP.2242', 161, '2007-01-11', '0000-00-00', 0, 5),
(1485, 'HR.6312', 295, '2007-01-11', '0000-00-00', 0, 4),
(1486, 'BÉ.6108', 34, '2007-01-11', '0000-00-00', 0, 1),
(1487, 'RK.5679', 183, '2007-01-11', '0000-00-00', 0, 3),
(1488, 'VA.2259', 60, '2006-12-31', '0000-00-00', 0, 3),
(1489, 'PD.1010', 73, '2007-01-11', '0000-00-00', -1, 0),
(1490, 'HM.1325', 99, '2006-12-16', '0000-00-00', 0, 3),
(1491, 'HD.5835', 361, '2007-01-11', '2007-01-11', 0, 0),
(1492, 'SZ.5839', 100, '2007-01-11', '0000-00-00', 0, 4),
(1493, 'PM.3407', 437, '2006-12-31', '0000-00-00', 0, 1),
(1494, 'BL.2493', 51, '2007-01-11', '2007-01-11', 0, 0),
(1495, 'LE.1664', 355, '2007-01-04', '0000-00-00', 0, 4),
(1496, 'FA.7252', 197, '2006-12-28', '0000-00-00', -1, 0),
(1497, 'KÁ.3479', 183, '2007-01-11', '0000-00-00', 0, 1),
(1498, 'KÁ.3479', 224, '2006-12-19', '0000-00-00', 0, 3),
(1499, 'JP.5653', 102, '2006-12-18', '0000-00-00', 0, 0),
(1500, 'ÖK.7126', 444, '2007-01-02', '0000-00-00', 0, 2),
(1501, 'SL.0974', 131, '2007-01-12', '0000-00-00', 0, 3),
(1502, 'DT.3892', 66, '2007-01-12', '2007-01-14', 0, 0),
(1503, 'NL.4599', 74, '2006-12-17', '0000-00-00', 0, 3),
(1504, 'VG.9528', 181, '2007-01-07', '0000-00-00', 0, 1),
(1505, 'KP.0837', 419, '2007-01-12', '0000-00-00', 0, 2),
(1506, 'NN.1187', 378, '2007-01-05', '0000-00-00', 0, 0),
(1507, 'SG.6867', 149, '2006-12-28', '0000-00-00', 0, 3),
(1508, 'KÁ.7195', 61, '2007-01-12', '0000-00-00', 0, 1),
(1509, 'IR.6871', 59, '2007-01-12', '2007-01-13', 0, 0),
(1510, 'BD.8119', 63, '2006-12-26', '0000-00-00', 0, 4),
(1511, 'LL.5799', 97, '2006-12-25', '0000-00-00', 0, 0),
(1512, 'FG.2306', 165, '2007-01-12', '0000-00-00', 0, 1),
(1513, 'TE.0616', 55, '2006-12-27', '0000-00-00', 0, 2),
(1514, 'BF.6471', 223, '2007-01-08', '0000-00-00', 0, 3),
(1515, 'LT.9524', 291, '2006-12-18', '0000-00-00', -1, 0),
(1516, 'BD.5403', 113, '2007-01-10', '0000-00-00', 0, 4),
(1517, 'HK.4101', 100, '2007-01-10', '0000-00-00', 0, 5),
(1518, 'BB.8483', 393, '2007-01-08', '2007-01-08', 0, 0),
(1519, 'KT.0459', 196, '2007-01-06', '2007-01-06', 0, 0),
(1520, 'BZ.5983', 8, '2007-01-12', '0000-00-00', 0, 3),
(1521, 'TI.6284', 236, '2007-01-12', '2007-01-12', 0, 0),
(1522, 'PG.1224', 39, '2006-12-20', '0000-00-00', -1, 0),
(1523, 'TO.7628', 68, '2007-01-09', '0000-00-00', 0, 1),
(1524, 'HR.6312', 55, '2006-12-26', '0000-00-00', 0, 1),
(1525, 'PZ.5820', 334, '2007-01-07', '0000-00-00', 0, 1),
(1526, 'KR.1250', 82, '2007-01-12', '2007-01-13', 0, 0),
(1527, 'GG.4642', 50, '2006-12-25', '2006-12-25', 0, 0),
(1528, 'GZ.1249', 242, '2006-12-16', '0000-00-00', 0, 1),
(1529, 'SM.9865', 96, '2007-01-09', '0000-00-00', 0, 4),
(1530, 'BÉ.6009', 90, '2007-01-06', '0000-00-00', 0, 3),
(1531, 'PA.3366', 253, '2007-01-07', '0000-00-00', -1, 0),
(1532, 'PL.3848', 303, '2007-01-12', '0000-00-00', 0, 4),
(1533, 'KG.6963', 412, '2006-12-18', '0000-00-00', 0, 2),
(1534, 'LE.1664', 119, '2006-12-26', '0000-00-00', 0, 2),
(1535, 'SL.0953', 273, '2006-12-31', '0000-00-00', 0, 1),
(1536, 'SL.0953', 382, '2006-12-30', '0000-00-00', 0, 4),
(1537, 'VK.9974', 400, '2007-01-11', '0000-00-00', 0, 1),
(1538, 'KÁ.9181', 280, '2006-12-31', '0000-00-00', 0, 1),
(1539, 'KJ.7692', 356, '2007-01-12', '0000-00-00', 0, 3),
(1540, 'NÁ.8086', 437, '2006-12-31', '0000-00-00', 0, 2),
(1541, 'ÁD.1122', 252, '2006-12-17', '0000-00-00', 0, 5),
(1542, 'KL.3902', 355, '2007-01-04', '0000-00-00', 0, 1),
(1543, 'KT.7545', 395, '2006-12-17', '2006-12-17', 0, 0),
(1544, 'HL.5256', 25, '2007-01-04', '2007-01-04', 0, 0),
(1545, 'SA.3491', 365, '2006-12-19', '0000-00-00', 0, 1),
(1546, 'BJ.6683', 356, '2007-01-13', '0000-00-00', 0, 5),
(1547, 'BJ.6683', 156, '2007-01-09', '2007-01-09', 0, 0),
(1548, 'HR.4421', 311, '2006-12-20', '0000-00-00', 0, 1),
(1549, 'ZE.8808', 78, '2006-12-17', '2006-12-17', 0, 0),
(1550, 'WT.5063', 226, '2007-01-13', '0000-00-00', 0, 0),
(1551, 'NF.3575', 298, '2007-01-13', '0000-00-00', 0, 3),
(1552, 'BT.6827', 336, '2007-01-13', '0000-00-00', 0, 3),
(1553, 'MB.3857', 71, '2007-01-05', '2007-01-05', 0, 0),
(1554, 'JE.5179', 273, '2007-01-01', '0000-00-00', 0, 4),
(1555, 'BD.8119', 204, '2006-12-17', '0000-00-00', 0, 1),
(1556, 'FC.6932', 63, '2006-12-27', '0000-00-00', 0, 4),
(1557, 'TL.8183', 427, '2007-01-13', '0000-00-00', 0, 1),
(1558, 'KM.6649', 371, '2007-01-08', '2007-01-08', 0, 0),
(1559, 'SL.3904', 361, '2007-01-13', '2007-01-14', 0, 0),
(1560, 'MZ.4492', 405, '2006-12-16', '0000-00-00', -1, 0),
(1561, 'DT.8003', 195, '2006-12-26', '0000-00-00', 0, 4),
(1562, 'UI.5361', 175, '2006-12-20', '0000-00-00', 0, 1),
(1563, 'BP.9080', 64, '2007-01-13', '2007-01-13', 0, 0),
(1564, 'CA.0932', 437, '2006-12-31', '0000-00-00', 0, 2),
(1565, 'KI.8812', 110, '2007-01-13', '0000-00-00', 0, 1),
(1566, 'ÖI.7617', 402, '2007-01-08', '0000-00-00', 0, 1),
(1567, 'NA.4463', 80, '2007-01-13', '0000-00-00', 0, 2),
(1568, 'TG.1437', 6, '2006-12-19', '2006-12-20', 0, 0),
(1569, 'KO.6324', 420, '2007-01-02', '0000-00-00', 0, 4),
(1570, 'BZ.9764', 125, '2007-01-01', '0000-00-00', -1, 0),
(1571, 'MD.7267', 330, '2006-12-19', '0000-00-00', 0, 1),
(1572, 'KP.2242', 426, '2007-01-13', '0000-00-00', 0, 1),
(1573, 'MN.5413', 90, '2007-01-05', '2007-01-05', 0, 0),
(1574, 'HB.5620', 330, '2006-12-18', '2006-12-19', 0, 0),
(1575, 'PR.4192', 412, '2006-12-18', '0000-00-00', -1, 0),
(1576, 'TF.2566', 194, '2006-12-18', '0000-00-00', 0, 2),
(1577, 'KG.9294', 7, '2006-12-17', '0000-00-00', 0, 2),
(1578, 'SB.5954', 75, '2006-12-31', '0000-00-00', 0, 2),
(1579, 'DF.9341', 402, '2007-01-07', '0000-00-00', 0, 1),
(1580, 'TÁ.5800', 54, '2006-12-31', '2007-01-01', 0, 0),
(1581, 'KG.6963', 211, '2006-12-27', '0000-00-00', 0, 4),
(1582, 'SK.0547', 347, '2007-01-13', '0000-00-00', 0, 2),
(1583, 'HI.5860', 357, '2007-01-13', '0000-00-00', 0, 1),
(1584, 'HG.8463', 199, '2007-01-09', '0000-00-00', 0, 1),
(1585, 'ET.9171', 69, '2007-01-13', '0000-00-00', 0, 4),
(1586, 'KL.0128', 11, '2007-01-13', '2007-01-14', 0, 0),
(1587, 'VL.8552', 349, '2006-12-15', '0000-00-00', 0, 4),
(1588, 'VL.8552', 382, '2006-12-31', '0000-00-00', -1, 0),
(1589, 'KG.5759', 59, '2007-01-13', '0000-00-00', 0, 5),
(1590, 'BÉ.5035', 300, '2007-01-10', '2007-01-11', 0, 0),
(1591, 'KO.7409', 381, '2006-12-18', '0000-00-00', 0, 4),
(1592, 'DN.4292', 353, '2007-01-04', '0000-00-00', 0, 3),
(1593, 'KÁ.8897', 387, '2007-01-05', '0000-00-00', 0, 5),
(1594, 'LK.8140', 173, '2007-01-03', '2007-01-03', 0, 0),
(1595, 'KN.4319', 160, '2007-01-14', '0000-00-00', 0, 2),
(1596, 'KT.7545', 365, '2006-12-20', '0000-00-00', 0, 2),
(1597, 'ST.7445', 253, '2007-01-08', '0000-00-00', 0, 2),
(1598, 'VG.9528', 289, '2007-01-14', '0000-00-00', 0, 2),
(1599, 'BP.4530', 385, '2007-01-08', '0000-00-00', 0, 3),
(1600, 'NK.4348', 77, '2007-01-14', '2007-01-15', 0, 0),
(1601, 'SP.3373', 267, '2007-01-14', '2007-01-14', 0, 0),
(1602, 'FL.5093', 290, '2007-01-02', '2007-01-02', 0, 0),
(1603, 'RI.3240', 419, '2007-01-14', '0000-00-00', -1, 0),
(1604, 'SN.6134', 307, '2006-12-25', '0000-00-00', 0, 2),
(1605, 'TA.1306', 399, '2007-01-14', '0000-00-00', 0, 4),
(1606, 'JR.7464', 237, '2006-12-17', '0000-00-00', -1, 0),
(1607, 'BA.2113', 43, '2007-01-14', '0000-00-00', 0, 5),
(1608, 'LZ.5815', 277, '2006-12-20', '0000-00-00', 0, 2),
(1609, 'BG.9979', 423, '2007-01-01', '2007-01-01', 0, 0),
(1610, 'KN.8713', 195, '2006-12-27', '0000-00-00', 0, 5),
(1611, 'BE.4516', 243, '2007-01-10', '0000-00-00', 0, 1),
(1612, 'SB.9701', 346, '2007-01-14', '0000-00-00', 0, 1),
(1613, 'MZ.4492', 105, '2006-12-16', '0000-00-00', 0, 3),
(1614, 'SO.1532', 141, '2007-01-11', '0000-00-00', 0, 2),
(1615, 'EZ.8360', 219, '2007-01-14', '0000-00-00', -1, 0),
(1616, 'ZZ.2484', 210, '2007-01-14', '2007-01-14', 0, 0),
(1617, 'NS.3996', 189, '2007-01-11', '0000-00-00', 0, 1),
(1618, 'NN.4315', 137, '2006-12-18', '0000-00-00', 0, 0),
(1619, 'MI.1330', 375, '2006-12-26', '0000-00-00', 0, 1),
(1620, 'BZ.9764', 149, '2006-12-28', '0000-00-00', 0, 5),
(1621, 'NM.2008', 191, '2007-01-02', '0000-00-00', 0, 1),
(1622, 'BA.7773', 166, '2007-01-01', '0000-00-00', 0, 2),
(1623, 'MD.7267', 405, '2006-12-16', '0000-00-00', 0, 1),
(1624, 'VE.9558', 6, '2006-12-19', '0000-00-00', 0, 2),
(1625, 'ME.5005', 244, '2007-01-07', '0000-00-00', 0, 5),
(1626, 'UM.2650', 195, '2006-12-26', '0000-00-00', 0, 5),
(1627, 'SL.2776', 76, '2006-12-26', '2006-12-26', 0, 0),
(1628, 'KV.6227', 327, '2007-01-14', '0000-00-00', 0, 1),
(1629, 'ZI.1687', 270, '2006-12-26', '0000-00-00', 0, 2),
(1630, 'SR.3743', 36, '2007-01-14', '0000-00-00', 0, 2),
(1631, 'TA.0240', 424, '2007-01-14', '0000-00-00', 0, 0),
(1632, 'DZ.2573', 192, '2006-12-28', '0000-00-00', 0, 4),
(1633, 'SG.4984', 92, '2006-12-28', '2006-12-28', 0, 0),
(1634, 'TT.5109', 284, '2007-01-14', '0000-00-00', 0, 4),
(1635, 'BR.2130', 266, '2007-01-14', '0000-00-00', 0, 5),
(1636, 'HN.3762', 188, '2007-01-14', '0000-00-00', 0, 3),
(1637, 'NÁ.0883', 56, '2006-12-25', '0000-00-00', 0, 2),
(1638, 'FZ.0441', 249, '2006-12-16', '2006-12-16', 0, 0),
(1639, 'HI.5860', 361, '2007-01-14', '0000-00-00', -1, 0),
(1640, 'KA.6760', 171, '2006-12-19', '0000-00-00', 0, 1),
(1641, 'FA.0859', 438, '2007-01-14', '0000-00-00', 0, 2),
(1642, 'NS.0091', 352, '2006-12-26', '0000-00-00', 0, 2),
(1643, 'KT.3375', 97, '2006-12-26', '0000-00-00', -1, 0),
(1644, 'KO.6387', 35, '2007-01-14', '0000-00-00', 0, 1),
(1645, 'VZ.2157', 312, '2006-12-26', '2006-12-26', 0, 0),
(1646, 'CA.3447', 106, '2007-01-07', '2007-01-08', 0, 0),
(1647, 'JP.5653', 430, '2007-01-14', '0000-00-00', 0, 5),
(1648, 'FN.3441', 84, '2006-12-18', '2006-12-18', 0, 0),
(1649, 'SA.2066', 386, '2006-12-17', '0000-00-00', 0, 1),
(1650, 'ZB.0230', 70, '2007-01-04', '0000-00-00', 0, 4),
(1651, 'VE.3175', 329, '2007-01-15', '0000-00-00', 0, 1),
(1652, 'BA.1855', 40, '2007-01-15', '0000-00-00', 0, 2),
(1653, 'ÖK.7126', 387, '2007-01-05', '0000-00-00', 0, 4),
(1654, 'BE.0806', 78, '2006-12-16', '2006-12-18', 0, 0),
(1655, 'TN.1238', 155, '2006-12-28', '0000-00-00', 0, 2),
(1656, 'MR.4488', 126, '2006-12-19', '0000-00-00', 0, 1),
(1657, 'VÁ.1907', 228, '2006-12-16', '2006-12-16', 0, 0),
(1658, 'BC.6620', 360, '2007-01-15', '0000-00-00', 0, 3),
(1659, 'NF.3575', 3, '2006-12-18', '2006-12-18', 0, 0),
(1660, 'DP.6361', 175, '2006-12-21', '0000-00-00', 0, 1),
(1661, 'HR.5369', 261, '2007-01-02', '0000-00-00', -1, 0),
(1662, 'TG.7327', 309, '2007-01-15', '0000-00-00', 0, 2),
(1663, 'KN.8713', 108, '2007-01-07', '0000-00-00', 0, 4),
(1664, 'KM.6649', 248, '2006-12-18', '0000-00-00', -1, 0),
(1665, 'KM.6649', 87, '2006-12-25', '0000-00-00', 0, 1),
(1666, 'TV.2732', 143, '2006-12-31', '2007-01-01', 0, 0),
(1667, 'BD.2876', 64, '2007-01-15', '2007-01-16', 0, 0),
(1668, 'BD.2876', 2, '2007-01-15', '0000-00-00', 0, 2),
(1669, 'DT.8003', 51, '2007-01-12', '0000-00-00', 0, 3),
(1670, 'FK.2581', 374, '2007-01-12', '0000-00-00', 0, 1),
(1671, 'BÁ.4304', 290, '2006-12-31', '0000-00-00', 0, 1),
(1672, 'BÁ.4304', 64, '2007-01-15', '0000-00-00', -1, 0),
(1673, 'VJ.5418', 413, '2007-01-15', '0000-00-00', 0, 0),
(1674, 'AG.3206', 99, '2006-12-16', '0000-00-00', -1, 0),
(1675, 'AG.3206', 175, '2006-12-21', '2006-12-21', 0, 0),
(1676, 'FA.2291', 220, '2007-01-02', '0000-00-00', 0, 1),
(1677, 'SG.0052', 231, '2007-01-15', '0000-00-00', 0, 4),
(1678, 'NN.4315', 100, '2007-01-10', '0000-00-00', 0, 3),
(1679, 'BL.1618', 12, '2006-12-25', '0000-00-00', 0, 4),
(1680, 'CL.7897', 331, '2007-01-03', '0000-00-00', 0, 2),
(1681, 'TI.6284', 345, '2007-01-08', '0000-00-00', -1, 0),
(1682, 'EJ.8890', 110, '2007-01-15', '0000-00-00', 0, 3),
(1683, 'ML.8721', 238, '2006-12-16', '2006-12-16', 0, 0),
(1684, 'KZ.0655', 280, '2006-12-31', '0000-00-00', 0, 2),
(1685, 'VP.4293', 154, '2006-12-30', '0000-00-00', -1, 0),
(1686, 'SM.9865', 112, '2007-01-01', '0000-00-00', 0, 3),
(1687, 'PR.4192', 286, '2007-01-11', '0000-00-00', -1, 0),
(1688, 'ZA.1437', 422, '2006-12-17', '0000-00-00', 0, 4),
(1689, 'SG.4984', 207, '2006-12-18', '0000-00-00', 0, 1),
(1690, 'PB.8902', 4, '2006-12-26', '0000-00-00', 0, 2),
(1691, 'TF.2566', 222, '2007-01-06', '0000-00-00', 0, 3),
(1692, 'BS.8812', 289, '2007-01-15', '0000-00-00', 0, 5),
(1693, 'KD.2748', 180, '2007-01-12', '2007-01-12', 0, 0),
(1694, 'LD.8285', 431, '2007-01-03', '0000-00-00', 0, 5),
(1695, 'SL.0953', 178, '2007-01-11', '0000-00-00', 0, 2),
(1696, 'KT.3375', 252, '2006-12-17', '0000-00-00', 0, 3),
(1697, 'KG.5759', 64, '2007-01-15', '0000-00-00', 0, 4),
(1698, 'JP.5653', 151, '2007-01-15', '0000-00-00', 0, 5),
(1699, 'BÉ.5035', 276, '2006-12-28', '2006-12-28', 0, 0),
(1700, 'KI.8112', 419, '2007-01-15', '0000-00-00', 0, 3),
(1701, 'ZB.0230', 13, '2007-01-08', '0000-00-00', 0, 1),
(1702, 'VS.7756', 339, '2007-01-05', '0000-00-00', 0, 4),
(1703, 'SE.5166', 250, '2007-01-16', '0000-00-00', 0, 1),
(1704, 'ÖK.7126', 306, '2007-01-12', '0000-00-00', 0, 3),
(1705, 'KN.8193', 117, '2006-12-26', '0000-00-00', 0, 1),
(1706, 'FK.6713', 369, '2007-01-16', '0000-00-00', 0, 3),
(1707, 'KR.2012', 26, '2007-01-16', '0000-00-00', 0, 1),
(1708, 'SB.9701', 8, '2007-01-16', '0000-00-00', 0, 0),
(1709, 'SL.3904', 260, '2007-01-16', '0000-00-00', -1, 0),
(1710, 'KP.9401', 310, '2006-12-31', '0000-00-00', 0, 5),
(1711, 'NI.9715', 104, '2006-12-20', '2006-12-20', 0, 0),
(1712, 'DT.8003', 333, '2007-01-16', '2007-01-16', 0, 0),
(1713, 'BI.7214', 271, '2006-12-25', '0000-00-00', 0, 1),
(1714, 'KJ.0231', 113, '2007-01-11', '0000-00-00', 0, 3),
(1715, 'BÁ.4304', 102, '2006-12-18', '0000-00-00', 0, 2),
(1716, 'ÖI.7617', 17, '2007-01-02', '0000-00-00', 0, 3),
(1717, 'HZ.0315', 167, '2007-01-16', '0000-00-00', 0, 3),
(1718, 'KZ.5876', 425, '2007-01-11', '0000-00-00', 0, 2),
(1719, 'NA.8989', 20, '2007-01-16', '0000-00-00', 0, 4),
(1720, 'SÁ.1945', 151, '2007-01-16', '0000-00-00', 0, 3),
(1721, 'VA.2259', 432, '2007-01-10', '2007-01-11', 0, 0),
(1722, 'SF.4730', 262, '2007-01-01', '0000-00-00', 0, 5),
(1723, 'SC.0593', 109, '2007-01-16', '0000-00-00', 0, 0),
(1724, 'PJ.2796', 407, '2007-01-16', '0000-00-00', 0, 4),
(1725, 'ZA.1437', 440, '2007-01-12', '0000-00-00', 0, 2),
(1726, 'GZ.2610', 253, '2007-01-08', '0000-00-00', 0, 2),
(1727, 'FZ.0441', 304, '2007-01-08', '0000-00-00', 0, 2),
(1728, 'HI.5860', 168, '2006-12-19', '0000-00-00', 0, 0),
(1729, 'JZ.0375', 420, '2007-01-03', '0000-00-00', 0, 2),
(1730, 'KA.5612', 242, '2006-12-15', '0000-00-00', -1, 0),
(1731, 'FV.6217', 422, '2006-12-18', '0000-00-00', 0, 1),
(1732, 'SN.0628', 12, '2006-12-24', '0000-00-00', 0, 4),
(1733, 'KK.6508', 300, '2007-01-10', '0000-00-00', 0, 3),
(1734, 'IB.7575', 163, '2007-01-14', '0000-00-00', 0, 3),
(1735, 'DT.3892', 188, '2007-01-17', '0000-00-00', 0, 5),
(1736, 'SA.3491', 14, '2007-01-05', '0000-00-00', 0, 3),
(1737, 'LG.7708', 379, '2007-01-15', '0000-00-00', 0, 3),
(1738, 'KG.2387', 303, '2007-01-17', '0000-00-00', 0, 5),
(1739, 'BT.1841', 284, '2007-01-15', '0000-00-00', 0, 3),
(1740, 'TR.0881', 292, '2007-01-17', '0000-00-00', 0, 2),
(1741, 'PC.4269', 346, '2007-01-17', '2007-01-17', 0, 0),
(1742, 'LE.2285', 127, '2007-01-15', '0000-00-00', 0, 2),
(1743, 'FB.9611', 337, '2006-12-17', '0000-00-00', 0, 4),
(1744, 'BA.7082', 268, '2007-01-17', '0000-00-00', 0, 5),
(1745, 'ZE.5201', 337, '2006-12-16', '0000-00-00', 0, 1),
(1746, 'SI.5869', 284, '2007-01-14', '0000-00-00', 0, 5),
(1747, 'ÁE.4776', 137, '2006-12-18', '0000-00-00', 0, 5),
(1748, 'WZ.8323', 149, '2006-12-27', '2006-12-28', 0, 0),
(1749, 'ME.0837', 47, '2006-12-18', '0000-00-00', 0, 1),
(1750, 'BD.2876', 337, '2006-12-18', '0000-00-00', -1, 0),
(1751, 'BO.5754', 264, '2007-01-17', '2007-01-21', 0, 0),
(1752, 'GF.0708', 211, '2006-12-25', '0000-00-00', 0, 5),
(1753, 'SG.0599', 266, '2007-01-17', '0000-00-00', 0, 2),
(1754, 'TS.9114', 180, '2007-01-12', '0000-00-00', 0, 4),
(1755, 'TE.5221', 200, '2007-01-09', '0000-00-00', 0, 1),
(1756, 'BV.3992', 243, '2007-01-10', '0000-00-00', -1, 0),
(1757, 'GL.2493', 47, '2006-12-18', '0000-00-00', 0, 3),
(1758, 'KA.3780', 210, '2007-01-17', '2007-01-17', 0, 0),
(1759, 'KZ.1562', 154, '2007-01-01', '2007-01-01', 0, 0),
(1760, 'WA.8639', 323, '2007-01-17', '0000-00-00', 0, 2),
(1761, 'NL.0666', 353, '2007-01-02', '0000-00-00', -1, 0),
(1762, 'PJ.2796', 249, '2006-12-18', '0000-00-00', 0, 0),
(1763, 'BÉ.6009', 35, '2007-01-17', '2007-01-17', 0, 0),
(1764, 'BL.2288', 389, '2007-01-17', '0000-00-00', 0, 2),
(1765, 'FI.7903', 10, '2006-12-19', '0000-00-00', 0, 0),
(1766, 'MR.9395', 93, '2006-12-31', '2006-12-31', 0, 0),
(1767, 'MZ.7231', 192, '2006-12-28', '0000-00-00', 0, 3),
(1768, 'FZ.0441', 342, '2006-12-20', '0000-00-00', 0, 5),
(1769, 'NE.7433', 385, '2007-01-08', '0000-00-00', -1, 0),
(1770, 'BA.0955', 41, '2007-01-17', '0000-00-00', 0, 4),
(1771, 'JA.1261', 325, '2006-12-17', '0000-00-00', 0, 0),
(1772, 'KE.5770', 78, '2006-12-18', '0000-00-00', 0, 2),
(1773, 'BD.1068', 61, '2007-01-17', '0000-00-00', 0, 3),
(1774, 'MB.0743', 295, '2007-01-17', '0000-00-00', 0, 2),
(1775, 'MB.0743', 95, '2007-01-15', '0000-00-00', 0, 1),
(1776, 'GF.0541', 190, '2006-12-19', '0000-00-00', 0, 2),
(1777, 'TN.1238', 288, '2006-12-27', '0000-00-00', -1, 0),
(1778, 'FS.9718', 197, '2006-12-28', '0000-00-00', 0, 3),
(1779, 'MR.4488', 296, '2007-01-18', '0000-00-00', 0, 2),
(1780, 'ND.5203', 148, '2006-12-17', '0000-00-00', 0, 3),
(1781, 'NG.2881', 156, '2007-01-09', '2007-01-09', 0, 0),
(1782, 'IR.6871', 226, '2007-01-18', '0000-00-00', 0, 3),
(1783, 'KP.9401', 90, '2007-01-06', '0000-00-00', -1, 0),
(1784, 'EZ.8360', 29, '2006-12-27', '0000-00-00', 0, 1),
(1785, 'BÁ.4304', 191, '2007-01-01', '0000-00-00', 0, 2),
(1786, 'MK.5059', 236, '2007-01-13', '2007-01-14', 0, 0),
(1787, 'HZ.0315', 84, '2006-12-18', '2006-12-18', 0, 0),
(1788, 'TS.9114', 139, '2006-12-30', '0000-00-00', 0, 2),
(1789, 'KZ.0395', 185, '2007-01-16', '0000-00-00', 0, 1),
(1790, 'SZ.3537', 185, '2007-01-15', '0000-00-00', 0, 1),
(1791, 'JF.5763', 257, '2007-01-18', '0000-00-00', 0, 2),
(1792, 'TV.3306', 68, '2007-01-11', '0000-00-00', 0, 1),
(1793, 'SJ.3347', 381, '2006-12-18', '0000-00-00', 0, 0),
(1794, 'SR.9913', 93, '2006-12-30', '0000-00-00', 0, 1),
(1795, 'SA.5551', 92, '2006-12-28', '0000-00-00', 0, 2),
(1796, 'KR.8740', 225, '2007-01-14', '2007-01-14', 0, 0),
(1797, 'NK.3783', 439, '2006-12-17', '0000-00-00', 0, 1),
(1798, 'DZ.0482', 313, '2006-12-21', '0000-00-00', 0, 0),
(1799, 'PB.8902', 26, '2007-01-18', '2007-01-21', 0, 0),
(1800, 'KE.5770', 331, '2007-01-03', '0000-00-00', 0, 0),
(1801, 'KA.6760', 334, '2007-01-07', '0000-00-00', 0, 5),
(1802, 'KA.6760', 74, '2006-12-17', '0000-00-00', 0, 3),
(1803, 'DE.4400', 256, '2007-01-02', '0000-00-00', 0, 4),
(1804, 'SP.1261', 181, '2007-01-07', '0000-00-00', -1, 0),
(1805, 'VZ.9407', 180, '2007-01-13', '0000-00-00', 0, 4),
(1806, 'BÁ.5107', 94, '2007-01-03', '0000-00-00', 0, 2),
(1807, 'KI.8112', 295, '2007-01-18', '0000-00-00', 0, 3);
INSERT INTO jelentkezes (id, hallgatoid, vizsgaid, jeldatum, ledatum, igazolt, jegy) VALUES
(1808, 'FV.6217', 405, '2006-12-17', '0000-00-00', 0, 1),
(1809, 'DZ.5170', 79, '2007-01-05', '2007-01-07', 0, 0),
(1810, 'MM.7225', 259, '2007-01-14', '0000-00-00', 0, 3),
(1811, 'VS.7756', 27, '2006-12-18', '0000-00-00', 0, 4),
(1812, 'BT.4289', 63, '2006-12-26', '0000-00-00', 0, 3),
(1813, 'HO.9226', 165, '2007-01-19', '0000-00-00', -1, 0),
(1814, 'BE.0864', 241, '2007-01-07', '0000-00-00', 0, 4),
(1815, 'GD.2000', 266, '2007-01-18', '0000-00-00', -1, 0),
(1816, 'RA.8864', 24, '2007-01-17', '0000-00-00', 0, 2),
(1817, 'MÉ.0065', 241, '2007-01-07', '2007-01-07', 0, 0),
(1818, 'BE.4516', 238, '2006-12-17', '2006-12-18', 0, 0),
(1819, 'BE.4516', 288, '2006-12-26', '0000-00-00', 0, 0),
(1820, 'KA.9211', 253, '2007-01-08', '0000-00-00', 0, 1),
(1821, 'ZM.2168', 319, '2007-01-01', '0000-00-00', -1, 0),
(1822, 'ME.0837', 412, '2006-12-19', '0000-00-00', -1, 0),
(1823, 'LG.7815', 160, '2007-01-14', '0000-00-00', 0, 0),
(1824, 'ZT.0107', 47, '2006-12-19', '0000-00-00', 0, 2),
(1825, 'LZ.3412', 369, '2007-01-19', '0000-00-00', 0, 4),
(1826, 'VF.7140', 262, '2007-01-02', '0000-00-00', 0, 4),
(1827, 'HD.9079', 412, '2006-12-19', '0000-00-00', 0, 2),
(1828, 'UI.5361', 264, '2007-01-19', '0000-00-00', 0, 2),
(1829, 'SO.1532', 187, '2007-01-07', '0000-00-00', 0, 4),
(1830, 'EZ.8360', 130, '2006-12-31', '0000-00-00', 0, 3),
(1831, 'LT.9524', 110, '2007-01-19', '0000-00-00', 0, 2),
(1832, 'LT.9524', 223, '2007-01-08', '0000-00-00', 0, 2),
(1833, 'PB.2815', 63, '2006-12-27', '0000-00-00', 0, 3),
(1834, 'NA.4463', 243, '2007-01-11', '0000-00-00', 0, 2),
(1835, 'KE.7992', 354, '2007-01-01', '2007-01-02', 0, 0),
(1836, 'TT.9111', 96, '2007-01-09', '0000-00-00', 0, 3),
(1837, 'CM.4548', 149, '2006-12-26', '0000-00-00', -1, 0),
(1838, 'FE.7877', 429, '2006-12-26', '2006-12-27', 0, 0),
(1839, 'BV.6067', 3, '2006-12-17', '0000-00-00', 0, 2),
(1840, 'ML.8721', 410, '2007-01-19', '0000-00-00', 0, 2),
(1841, 'SN.8048', 310, '2006-12-31', '0000-00-00', 0, 2),
(1842, 'KG.9667', 334, '2007-01-07', '0000-00-00', 0, 5),
(1843, 'FA.4088', 370, '2007-01-19', '0000-00-00', 0, 4),
(1844, 'MG.0051', 254, '2006-12-18', '0000-00-00', 0, 0),
(1845, 'FZ.0441', 248, '2006-12-18', '0000-00-00', 0, 1),
(1846, 'JZ.0375', 121, '2007-01-15', '0000-00-00', 0, 3),
(1847, 'PJ.7593', 291, '2006-12-16', '2006-12-16', 0, 0),
(1848, 'LE.1664', 86, '2007-01-09', '0000-00-00', 0, 1),
(1849, 'SL.0953', 176, '2006-12-27', '2006-12-27', 0, 0),
(1850, 'JZ.7509', 92, '2006-12-26', '0000-00-00', 0, 3),
(1851, 'KJ.7692', 298, '2007-01-19', '0000-00-00', 0, 1),
(1852, 'LN.4151', 125, '2006-12-30', '0000-00-00', 0, 2),
(1853, 'BK.0518', 292, '2007-01-20', '0000-00-00', -1, 0),
(1854, 'MR.0674', 121, '2007-01-15', '0000-00-00', 0, 0),
(1855, 'MV.6897', 335, '2007-01-16', '0000-00-00', 0, 0),
(1856, 'MR.4488', 112, '2007-01-01', '0000-00-00', 0, 1),
(1857, 'ST.7445', 300, '2007-01-09', '2007-01-09', 0, 0),
(1858, 'KB.1685', 305, '2007-01-20', '0000-00-00', 0, 4),
(1859, 'BG.0504', 329, '2007-01-20', '0000-00-00', 0, 1),
(1860, 'MZ.6513', 2, '2007-01-15', '0000-00-00', 0, 3),
(1861, 'KN.8193', 3, '2006-12-18', '2006-12-18', 0, 0),
(1862, 'VZ.0162', 299, '2007-01-14', '0000-00-00', 0, 2),
(1863, 'VZ.0162', 419, '2007-01-20', '0000-00-00', 0, 2),
(1864, 'OZ.4561', 419, '2007-01-20', '0000-00-00', 0, 2),
(1865, 'WT.5063', 10, '2006-12-19', '0000-00-00', 0, 1),
(1866, 'GP.7213', 93, '2007-01-01', '2007-01-01', 0, 0),
(1867, 'RI.3240', 105, '2006-12-15', '2006-12-16', 0, 0),
(1868, 'BT.6827', 227, '2007-01-02', '0000-00-00', 0, 0),
(1869, 'SK.7904', 263, '2007-01-20', '2007-01-20', 0, 0),
(1870, 'JR.7464', 330, '2006-12-18', '0000-00-00', 0, 3),
(1871, 'DP.6361', 116, '2007-01-01', '0000-00-00', -1, 0),
(1872, 'RA.8864', 317, '2007-01-20', '2007-01-24', 0, 0),
(1873, 'SÁ.2118', 160, '2007-01-13', '0000-00-00', 0, 3),
(1874, 'FR.6982', 276, '2006-12-27', '0000-00-00', 0, 1),
(1875, 'BE.4516', 56, '2006-12-25', '0000-00-00', 0, 3),
(1876, 'KN.2792', 366, '2006-12-15', '0000-00-00', 0, 2),
(1877, 'SK.6666', 221, '2007-01-01', '2007-01-01', 0, 0),
(1878, 'PT.8998', 429, '2006-12-26', '0000-00-00', 0, 1),
(1879, 'NI.9715', 404, '2007-01-20', '0000-00-00', 0, 2),
(1880, 'SM.0077', 274, '2007-01-02', '2007-01-02', 0, 0),
(1881, 'TP.5347', 153, '2007-01-20', '0000-00-00', 0, 4),
(1882, 'TZ.4279', 90, '2007-01-06', '0000-00-00', 0, 2),
(1883, 'KJ.0231', 413, '2007-01-20', '0000-00-00', -1, 0),
(1884, 'KB.1173', 429, '2006-12-27', '0000-00-00', 0, 2),
(1885, 'WA.7808', 238, '2006-12-18', '2006-12-18', 0, 0),
(1886, 'BM.2708', 252, '2006-12-17', '0000-00-00', 0, 3),
(1887, 'DT.2128', 143, '2006-12-31', '0000-00-00', 0, 1),
(1888, 'PG.1224', 52, '2006-12-31', '0000-00-00', 0, 5),
(1889, 'NE.8592', 357, '2007-01-20', '0000-00-00', -1, 0),
(1890, 'SÁ.1945', 263, '2007-01-20', '0000-00-00', 0, 1),
(1891, 'GL.2493', 8, '2007-01-17', '0000-00-00', 0, 1),
(1892, 'HM.1325', 233, '2006-12-18', '0000-00-00', 0, 3),
(1893, 'MR.2266', 144, '2006-12-27', '0000-00-00', 0, 1),
(1894, 'MR.2266', 306, '2007-01-14', '0000-00-00', 0, 1),
(1895, 'SZ.5839', 414, '2007-01-09', '0000-00-00', 0, 2),
(1896, 'MB.1464', 44, '2007-01-15', '0000-00-00', 0, 3),
(1897, 'NK.3080', 381, '2006-12-19', '0000-00-00', 0, 1),
(1898, 'BJ.3138', 291, '2006-12-17', '0000-00-00', 0, 1),
(1899, 'VI.6465', 248, '2006-12-20', '0000-00-00', 0, 0),
(1900, 'KO.7409', 432, '2007-01-11', '0000-00-00', 0, 1),
(1901, 'LK.8140', 349, '2006-12-16', '0000-00-00', -1, 0),
(1902, 'KA.2208', 248, '2006-12-19', '0000-00-00', 0, 1),
(1903, 'BK.0518', 65, '2006-12-26', '0000-00-00', 0, 5),
(1904, 'SN.0628', 422, '2006-12-19', '0000-00-00', 0, 2),
(1905, 'CL.2002', 224, '2006-12-18', '2006-12-19', 0, 0),
(1906, 'BT.4289', 171, '2006-12-21', '0000-00-00', 0, 1),
(1907, 'CI.3333', 58, '2007-01-21', '0000-00-00', 0, 5),
(1908, 'MM.1932', 385, '2007-01-06', '0000-00-00', -1, 0),
(1909, 'KL.1723', 202, '2007-01-09', '0000-00-00', 0, 3),
(1910, 'KE.1884', 147, '2007-01-21', '0000-00-00', 0, 2),
(1911, 'SK.7904', 179, '2006-12-20', '2006-12-20', 0, 0),
(1912, 'KÁ.7195', 384, '2006-12-15', '0000-00-00', 0, 3),
(1913, 'HZ.1789', 192, '2006-12-28', '2006-12-28', 0, 0),
(1914, 'TZ.5158', 316, '2007-01-07', '0000-00-00', 0, 2),
(1915, 'JR.7464', 209, '2006-12-15', '0000-00-00', 0, 5),
(1916, 'ZM.2168', 111, '2007-01-15', '0000-00-00', 0, 3),
(1917, 'KR.7990', 69, '2007-01-21', '2007-01-21', 0, 0),
(1918, 'PK.9395', 54, '2007-01-01', '2007-01-02', 0, 0),
(1919, 'HT.7473', 344, '2007-01-08', '0000-00-00', 0, 5),
(1920, 'BI.7214', 429, '2006-12-27', '0000-00-00', 0, 2),
(1921, 'BÁ.4304', 122, '2007-01-03', '2007-01-03', 0, 0),
(1922, 'MT.8909', 420, '2007-01-02', '2007-01-03', 0, 0),
(1923, 'BD.5403', 342, '2006-12-20', '0000-00-00', -1, 0),
(1924, 'NS.3996', 106, '2007-01-07', '0000-00-00', 0, 3),
(1925, 'MG.4956', 2, '2007-01-13', '2007-01-13', 0, 0),
(1926, 'SB.1666', 301, '2007-01-16', '2007-01-16', 0, 0),
(1927, 'DD.1368', 413, '2007-01-21', '0000-00-00', 0, 4),
(1928, 'SA.5243', 289, '2007-01-21', '0000-00-00', 0, 2),
(1929, 'MI.1330', 398, '2006-12-15', '0000-00-00', 0, 1),
(1930, 'BB.8483', 417, '2006-12-28', '0000-00-00', 0, 2),
(1931, 'BA.7773', 366, '2006-12-15', '2006-12-17', 0, 0),
(1932, 'DZ.3353', 221, '2007-01-02', '0000-00-00', 0, 5),
(1933, 'BM.2708', 174, '2007-01-16', '2007-01-18', 0, 0),
(1934, 'KD.9655', 119, '2006-12-24', '0000-00-00', 0, 4),
(1935, 'DT.2128', 190, '2006-12-20', '0000-00-00', 0, 0),
(1936, 'KB.0973', 443, '2007-01-15', '2007-01-17', 0, 0),
(1937, 'VA.2259', 403, '2007-01-21', '0000-00-00', 0, 2),
(1938, 'SC.0666', 322, '2007-01-08', '0000-00-00', -1, 0),
(1939, 'MR.2266', 22, '2007-01-04', '0000-00-00', -1, 0),
(1940, 'MR.2266', 270, '2006-12-25', '2006-12-26', 0, 0),
(1941, 'KM.5655', 86, '2007-01-08', '2007-01-09', 0, 0),
(1942, 'FA.4088', 433, '2007-01-09', '0000-00-00', 0, 1),
(1943, 'NI.7875', 73, '2007-01-14', '0000-00-00', 0, 3),
(1944, 'TT.5109', 94, '2007-01-02', '0000-00-00', 0, 2),
(1945, 'BK.5793', 139, '2006-12-30', '2006-12-31', 0, 0),
(1946, 'EF.1115', 299, '2007-01-14', '2007-01-16', 0, 0),
(1947, 'TZ.6012', 279, '2006-12-16', '2006-12-17', 0, 0),
(1948, 'SZ.3418', 98, '2007-01-03', '0000-00-00', 0, 1),
(1949, 'VK.9974', 228, '2006-12-15', '0000-00-00', 0, 5),
(1950, 'KO.6387', 81, '2006-12-28', '0000-00-00', -1, 0),
(1951, 'KA.5612', 252, '2006-12-16', '0000-00-00', 0, 1),
(1952, 'CA.3447', 226, '2007-01-21', '0000-00-00', 0, 4),
(1953, 'VZ.9407', 88, '2007-01-10', '0000-00-00', 0, 1),
(1954, 'TÁ.6462', 82, '2007-01-21', '0000-00-00', 0, 1),
(1955, 'KG.5759', 393, '2007-01-07', '2007-01-07', 0, 0),
(1956, 'TR.9276', 371, '2007-01-10', '0000-00-00', 0, 1),
(1957, 'GF.0541', 326, '2006-12-17', '0000-00-00', 0, 5),
(1958, 'DK.7517', 247, '2007-01-16', '0000-00-00', 0, 1),
(1959, 'KT.7545', 158, '2006-12-26', '0000-00-00', 0, 3),
(1960, 'OI.5285', 13, '2007-01-08', '0000-00-00', 0, 2),
(1961, 'JT.2233', 38, '2006-12-26', '0000-00-00', 0, 1),
(1962, 'SA.3491', 384, '2006-12-17', '0000-00-00', 0, 5),
(1963, 'TR.0881', 103, '2007-01-02', '0000-00-00', 0, 3),
(1964, 'BG.0504', 5, '2007-01-15', '0000-00-00', 0, 1),
(1965, 'MZ.6513', 183, '2007-01-13', '0000-00-00', 0, 3),
(1966, 'WT.5063', 194, '2006-12-16', '0000-00-00', 0, 2),
(1967, 'TF.3880', 49, '2007-01-22', '0000-00-00', 0, 4),
(1968, 'MP.1548', 362, '2007-01-22', '0000-00-00', 0, 1),
(1969, 'ZE.5201', 226, '2007-01-22', '0000-00-00', -1, 0),
(1970, 'ZE.5201', 336, '2007-01-17', '0000-00-00', 0, 2),
(1971, 'WZ.8323', 296, '2007-01-22', '0000-00-00', 0, 4),
(1972, 'RI.9112', 220, '2007-01-02', '0000-00-00', 0, 0),
(1973, 'VK.6810', 13, '2007-01-10', '0000-00-00', 0, 1),
(1974, 'VK.6810', 92, '2006-12-28', '0000-00-00', 0, 4),
(1975, 'BR.6915', 247, '2007-01-15', '0000-00-00', 0, 5),
(1976, 'FC.6932', 297, '2007-01-01', '0000-00-00', 0, 3),
(1977, 'TL.8183', 291, '2006-12-17', '0000-00-00', 0, 2),
(1978, 'BA.2113', 100, '2007-01-10', '0000-00-00', 0, 2),
(1979, 'KR.2012', 168, '2006-12-21', '0000-00-00', 0, 3),
(1980, 'PT.8998', 333, '2007-01-22', '0000-00-00', -1, 0),
(1981, 'KP.9401', 174, '2007-01-16', '0000-00-00', 0, 2),
(1982, 'HT.7473', 403, '2007-01-22', '0000-00-00', 0, 1),
(1983, 'SO.1532', 244, '2007-01-07', '0000-00-00', 0, 4),
(1984, 'SO.1532', 168, '2006-12-20', '0000-00-00', 0, 0),
(1985, 'SM.0077', 427, '2007-01-19', '0000-00-00', 0, 0),
(1986, 'VG.7645', 96, '2007-01-09', '0000-00-00', 0, 1),
(1987, 'BZ.9764', 106, '2007-01-07', '0000-00-00', 0, 3),
(1988, 'BA.7773', 368, '2006-12-20', '0000-00-00', -1, 0),
(1989, 'HE.4604', 386, '2006-12-18', '0000-00-00', 0, 3),
(1990, 'HE.4604', 22, '2007-01-04', '0000-00-00', 0, 2),
(1991, 'NE.8938', 195, '2006-12-27', '2006-12-28', 0, 0),
(1992, 'JF.5763', 72, '2007-01-20', '0000-00-00', 0, 4),
(1993, 'SZ.8420', 105, '2006-12-16', '2006-12-17', 0, 0),
(1994, 'TM.7445', 291, '2006-12-16', '0000-00-00', 0, 2),
(1995, 'SF.4730', 299, '2007-01-14', '0000-00-00', 0, 1),
(1996, 'JZ.1385', 423, '2007-01-02', '0000-00-00', 0, 1),
(1997, 'BB.6597', 196, '2007-01-06', '2007-01-07', 0, 0),
(1998, 'SP.7181', 395, '2006-12-16', '0000-00-00', 0, 2),
(1999, 'HB.5620', 310, '2006-12-30', '0000-00-00', 0, 2),
(2000, 'KM.5655', 173, '2007-01-03', '2007-01-03', 0, 0),
(2001, 'OB.4080', 174, '2007-01-16', '0000-00-00', -1, 0),
(2002, 'FI.2594', 247, '2007-01-16', '2007-01-16', 0, 0),
(2003, 'ET.9171', 361, '2007-01-14', '0000-00-00', 0, 2),
(2004, 'VL.8552', 10, '2006-12-21', '0000-00-00', -1, 0),
(2005, 'SE.4988', 300, '2007-01-09', '2007-01-09', 0, 0),
(2006, 'ZB.0230', 327, '2007-01-14', '2007-01-16', 0, 0),
(2007, 'ZB.0230', 155, '2006-12-28', '0000-00-00', 0, 2),
(2008, 'PL.8174', 10, '2006-12-21', '0000-00-00', 0, 0),
(2009, 'BT.4289', 256, '2007-01-03', '0000-00-00', 0, 3),
(2010, 'ZV.6094', 349, '2006-12-16', '0000-00-00', 0, 2),
(2011, 'ZE.8808', 200, '2007-01-10', '0000-00-00', 0, 5),
(2012, 'JC.5136', 414, '2007-01-09', '2007-01-10', 0, 0),
(2013, 'FN.9800', 67, '2007-01-14', '0000-00-00', 0, 5),
(2014, 'GF.0708', 286, '2007-01-11', '2007-01-11', 0, 0),
(2015, 'KJ.0231', 107, '2006-12-18', '0000-00-00', 0, 2),
(2016, 'MI.1330', 123, '2006-12-16', '0000-00-00', 0, 2),
(2017, 'HK.4101', 71, '2007-01-07', '0000-00-00', 0, 2),
(2018, 'EI.6287', 227, '2007-01-02', '0000-00-00', 0, 1),
(2019, 'CM.4548', 251, '2007-01-06', '0000-00-00', 0, 2),
(2020, 'BA.7773', 369, '2007-01-21', '0000-00-00', 0, 5),
(2021, 'JF.5763', 335, '2007-01-16', '0000-00-00', 0, 0),
(2022, 'DP.8019', 335, '2007-01-15', '0000-00-00', 0, 3),
(2023, 'KZ.5427', 46, '2007-01-10', '0000-00-00', 0, 2),
(2024, 'LC.1783', 124, '2006-12-27', '0000-00-00', 0, 4),
(2025, 'SI.9506', 227, '2007-01-02', '0000-00-00', 0, 2),
(2026, 'PL.3848', 419, '2007-01-23', '0000-00-00', 0, 4),
(2027, 'PZ.5131', 315, '2007-01-23', '0000-00-00', 0, 2),
(2028, 'BA.0955', 145, '2006-12-30', '0000-00-00', 0, 3),
(2029, 'BL.2493', 124, '2006-12-27', '0000-00-00', 0, 4),
(2030, 'KA.5612', 233, '2006-12-18', '0000-00-00', 0, 5),
(2031, 'BA.1855', 58, '2007-01-22', '0000-00-00', 0, 3),
(2032, 'NI.0775', 142, '2006-12-17', '2006-12-17', 0, 0),
(2033, 'TF.3880', 160, '2007-01-14', '0000-00-00', 0, 1),
(2034, 'FL.5093', 107, '2006-12-18', '0000-00-00', 0, 1),
(2035, 'ÁE.4776', 289, '2007-01-21', '0000-00-00', 0, 1),
(2036, 'RI.9112', 1, '2007-01-17', '0000-00-00', 0, 2),
(2037, 'GA.7092', 312, '2006-12-26', '0000-00-00', 0, 1),
(2038, 'KJ.0231', 66, '2007-01-17', '0000-00-00', 0, 1),
(2039, 'NA.4463', 99, '2006-12-15', '0000-00-00', 0, 1),
(2040, 'KO.6324', 183, '2007-01-15', '0000-00-00', 0, 3),
(2041, 'TT.9111', 190, '2006-12-20', '0000-00-00', 0, 2),
(2042, 'HK.4101', 154, '2006-12-31', '0000-00-00', 0, 2),
(2043, 'BL.1618', 121, '2007-01-16', '0000-00-00', 0, 1),
(2044, 'SA.5551', 137, '2006-12-19', '0000-00-00', 0, 3),
(2045, 'PM.3407', 36, '2007-01-21', '0000-00-00', -1, 0),
(2046, 'BK.5793', 74, '2006-12-18', '0000-00-00', 0, 2),
(2047, 'DF.9341', 333, '2007-01-24', '2007-01-24', 0, 0),
(2048, 'OB.4080', 233, '2006-12-20', '0000-00-00', 0, 4),
(2049, 'HG.8463', 188, '2007-01-15', '0000-00-00', 0, 1),
(2050, 'ET.9171', 17, '2007-01-04', '0000-00-00', 0, 3),
(2051, 'KÁ.9181', 12, '2006-12-24', '0000-00-00', 0, 1),
(2052, 'KA.2208', 203, '2006-12-26', '0000-00-00', 0, 4),
(2053, 'FK.0490', 187, '2007-01-07', '0000-00-00', 0, 0),
(2054, 'HA.5132', 173, '2007-01-01', '0000-00-00', 0, 4),
(2055, 'VZ.6218', 196, '2007-01-07', '0000-00-00', 0, 4),
(2056, 'BP.4530', 423, '2007-01-02', '2007-01-02', 0, 0),
(2057, 'HF.1310', 345, '2007-01-08', '0000-00-00', 0, 4),
(2058, 'BE.4516', 237, '2006-12-15', '0000-00-00', 0, 2),
(2059, 'HR.9880', 138, '2007-01-07', '0000-00-00', 0, 4),
(2060, 'BJ.1909', 190, '2006-12-20', '0000-00-00', 0, 5),
(2061, 'TA.0240', 379, '2007-01-15', '0000-00-00', 0, 3),
(2062, 'MN.2313', 108, '2007-01-07', '0000-00-00', 0, 1),
(2063, 'GZ.1249', 37, '2007-01-03', '0000-00-00', 0, 1),
(2064, 'ST.9977', 151, '2007-01-21', '0000-00-00', 0, 4);

INSERT INTO vizsga (id, datum, targy) VALUES
(1, '2007-01-19', 'Adatbázisok elmélete'),
(2, '2007-01-16', 'Szoftverfejlesztés'),
(3, '2006-12-20', 'Webtervezés'),
(4, '2006-12-28', 'Szoftverfejlesztés'),
(5, '2007-01-17', 'Fordítóprogramok'),
(6, '2006-12-22', 'Fordítóprogramok'),
(7, '2006-12-20', 'Logikai programozás'),
(8, '2007-01-18', 'Rendszerfejlesztés'),
(9, '2007-01-16', 'Tesztelési módszerek'),
(10, '2006-12-22', 'Assembly programozás'),
(11, '2007-01-15', 'Logikai programozás'),
(12, '2006-12-27', 'Optimalizálás'),
(13, '2007-01-11', 'Szoftverfejlesztés'),
(14, '2007-01-08', 'Operációs rendszerek'),
(15, '2007-01-26', 'Rendszerfejlesztés'),
(17, '2007-01-05', 'Dinamikus logika'),
(18, '2007-01-15', 'Formális nyelvek'),
(20, '2007-01-17', 'Szoftverfejlesztés'),
(22, '2007-01-05', 'Operációkutatás'),
(23, '2006-12-20', 'Optimalizálás'),
(24, '2007-01-18', 'Gépi tanulási módszerek'),
(25, '2007-01-05', 'Algoritmusok és adatszerkezetek'),
(26, '2007-01-25', 'Irányítástechnika'),
(27, '2006-12-20', 'Formális nyelvek'),
(29, '2006-12-28', 'Gépi tanulási módszerek'),
(32, '2007-01-22', 'Gépi tanulási módszerek'),
(33, '2007-01-11', 'Irányítástechnika'),
(34, '2007-01-17', 'Operációkutatás'),
(35, '2007-01-23', 'Fordítóprogramok'),
(36, '2007-01-22', 'Adatbázisok'),
(37, '2007-01-04', 'Dinamikus logika'),
(38, '2006-12-28', 'Alkalmazás fejlesztés'),
(39, '2006-12-21', 'Rendszerfejlesztés'),
(40, '2007-01-24', 'Logika és alkalmazásai'),
(41, '2007-01-26', 'Operációkutatás'),
(42, '2007-01-03', 'Logika és alkalmazásai'),
(43, '2007-01-25', 'Adatbázisok'),
(44, '2007-01-16', 'Fordítóprogramok'),
(45, '2007-01-09', 'Operációs rendszerek'),
(46, '2007-01-12', 'Assembly programozás'),
(47, '2006-12-21', 'Programozási módszerek'),
(48, '2007-01-23', 'Adatbázisok elmélete'),
(49, '2007-01-23', 'Operációkutatás'),
(50, '2006-12-27', 'Logikai programozás'),
(51, '2007-01-15', 'Algoritmusok és adatszerkezetek'),
(52, '2007-01-02', 'Gazdaságinformatikai rendszerek'),
(54, '2007-01-03', 'Algoritmusok és adatszerkezetek'),
(55, '2006-12-28', 'Adatbázisok elmélete'),
(56, '2006-12-27', 'Irányítástechnika'),
(58, '2007-01-23', 'Operációs rendszerek'),
(59, '2007-01-25', 'Irányítástechnika'),
(60, '2007-01-03', 'Dinamikus logika'),
(61, '2007-01-19', 'Optimalizálás'),
(62, '2007-01-26', 'Gazdaságinformatikai rendszerek'),
(63, '2006-12-28', 'Mesterséges intelligencia'),
(64, '2007-01-23', 'Operációkutatás'),
(65, '2006-12-29', 'Gráfelméleti algoritmusok'),
(66, '2007-01-18', 'Digitális képfeldolgozás'),
(67, '2007-01-15', 'Mesterséges intelligencia'),
(68, '2007-01-12', 'Szoftvertesztelés alapjai'),
(69, '2007-01-24', 'Nemlineáris programozás'),
(70, '2007-01-05', 'Számítógép hálózatok'),
(71, '2007-01-08', 'Assembly programozás'),
(72, '2007-01-22', 'Algoritmusok és adatszerkezetek'),
(73, '2007-01-15', 'Fordítóprogramok'),
(74, '2006-12-20', 'Gépi tanulási módszerek'),
(75, '2007-01-02', 'Mesterséges intelligencia'),
(76, '2006-12-27', 'Szoftvertesztelés alapjai'),
(77, '2007-01-22', 'Rendszerfejlesztés'),
(78, '2006-12-19', 'Gépi tanulási módszerek'),
(79, '2007-01-08', 'Optimalizálás'),
(80, '2007-01-15', 'Térinformatika'),
(81, '2006-12-29', 'Szoftverfejlesztés'),
(82, '2007-01-25', 'Programozási módszerek'),
(84, '2006-12-19', 'IP alapú hálózatok'),
(85, '2006-12-20', 'Algoritmusok és adatszerkezetek'),
(86, '2007-01-11', 'Mesterséges intelligencia'),
(87, '2006-12-27', 'Logika és alkalmazásai'),
(88, '2007-01-11', 'Gráfelméleti algoritmusok'),
(89, '2007-01-10', 'Logikai programozás'),
(90, '2007-01-08', 'Irányítástechnika'),
(91, '2007-01-10', 'Számítógép hálózatok'),
(92, '2006-12-29', 'Operációs rendszerek'),
(93, '2007-01-02', 'Fordítóprogramok'),
(94, '2007-01-04', 'Térinformatika'),
(95, '2007-01-17', 'Logika és alkalmazásai'),
(96, '2007-01-12', 'Logika és alkalmazásai'),
(97, '2006-12-28', 'Gazdaságinformatikai rendszerek'),
(98, '2007-01-05', 'Szoftvertesztelés alapjai'),
(99, '2006-12-18', 'Gazdaságinformatikai rendszerek'),
(100, '2007-01-12', 'Logikai programozás'),
(102, '2006-12-20', 'Digitális képfeldolgozás'),
(103, '2007-01-03', 'Adatbázisok'),
(104, '2006-12-21', 'Operációkutatás'),
(105, '2006-12-18', 'Dinamikus logika'),
(106, '2007-01-10', 'Programrendszerek fejlesztése'),
(107, '2006-12-19', 'Számítógép hálózatok'),
(108, '2007-01-09', 'Gazdaságinformatikai rendszerek'),
(109, '2007-01-26', 'Programrendszerek fejlesztése'),
(110, '2007-01-25', 'Formális nyelvek'),
(111, '2007-01-18', 'Digitális képfeldolgozás'),
(112, '2007-01-03', 'Multimédia'),
(113, '2007-01-12', 'Tesztelési módszerek'),
(114, '2007-01-23', 'Fordítóprogramok'),
(116, '2007-01-04', 'Adatbázisok'),
(117, '2006-12-28', 'Dinamikus logika'),
(119, '2006-12-27', 'Gráfelméleti algoritmusok'),
(120, '2006-12-21', 'Algoritmusok és adatszerkezetek'),
(121, '2007-01-17', 'Gépi tanulási módszerek'),
(122, '2007-01-04', 'Számítógép hálózatok'),
(123, '2006-12-19', 'Fordítóprogramok'),
(124, '2006-12-29', 'Adatbázisok elmélete'),
(125, '2007-01-02', 'Szoftvertesztelés alapjai'),
(126, '2006-12-21', 'Optimalizálás'),
(127, '2007-01-17', 'Logikai programozás'),
(128, '2007-01-19', 'Programrendszerek fejlesztése'),
(129, '2007-01-22', 'Mesterséges intelligencia'),
(130, '2007-01-03', 'Térinformatika'),
(131, '2007-01-16', 'Algoritmusok és adatszerkezetek'),
(134, '2006-12-19', 'Számítógép hálózatok'),
(135, '2007-01-24', 'Formális nyelvek'),
(136, '2007-01-11', 'Szoftverfejlesztés'),
(137, '2006-12-21', 'Operációkutatás'),
(138, '2007-01-10', 'Gazdaságinformatikai rendszerek'),
(139, '2007-01-02', 'Logika és alkalmazásai'),
(140, '2007-01-16', 'Dinamikus logika'),
(141, '2007-01-12', 'Gépi tanulási módszerek'),
(142, '2006-12-18', 'Alkalmazás fejlesztés'),
(143, '2007-01-02', 'Multimédia'),
(144, '2006-12-28', 'Szoftvertesztelés alapjai'),
(145, '2007-01-02', 'Optimalizálás'),
(147, '2007-01-24', 'Tesztelési módszerek'),
(148, '2006-12-18', 'Formális nyelvek'),
(149, '2006-12-29', 'Alkalmazás fejlesztés'),
(150, '2007-01-05', 'Fordítóprogramok'),
(151, '2007-01-23', 'Programrendszerek fejlesztése'),
(153, '2007-01-24', 'Gráfelméleti algoritmusok'),
(154, '2007-01-02', 'Logikai programozás'),
(155, '2006-12-29', 'Rendszerfejlesztés'),
(156, '2007-01-10', 'Multimédia'),
(157, '2007-01-10', 'Gazdaságinformatikai rendszerek'),
(158, '2006-12-27', 'Dinamikus logika'),
(159, '2007-01-16', 'Tesztelési módszerek'),
(160, '2007-01-16', 'Programrendszerek fejlesztése'),
(161, '2007-01-25', 'Gazdaságinformatikai rendszerek'),
(162, '2007-01-15', 'Webtervezés'),
(163, '2007-01-15', 'Programrendszerek fejlesztése'),
(165, '2007-01-22', 'Rendszerfejlesztés'),
(166, '2007-01-04', 'Irányítástechnika'),
(167, '2007-01-26', 'Nemlineáris programozás'),
(168, '2006-12-22', 'Rendszerfejlesztés'),
(169, '2007-01-17', 'Gazdaságinformatikai rendszerek'),
(170, '2007-01-18', 'Digitális képfeldolgozás'),
(171, '2006-12-22', 'Tesztelési módszerek'),
(172, '2007-01-15', 'Tesztelési módszerek'),
(173, '2007-01-04', 'Gráfelméleti algoritmusok'),
(174, '2007-01-19', 'Számítógép hálózatok'),
(175, '2006-12-22', 'Játékelmélet'),
(176, '2006-12-28', 'Logikai programozás'),
(177, '2007-01-04', 'Alkalmazás fejlesztés'),
(178, '2007-01-12', 'Optimalizálás'),
(179, '2006-12-21', 'Programozási módszerek'),
(180, '2007-01-15', 'Logikai programozás'),
(181, '2007-01-10', 'Tesztelési módszerek'),
(182, '2006-12-28', 'Alkalmazás fejlesztés'),
(183, '2007-01-16', 'Mesterséges intelligencia'),
(184, '2007-01-26', 'Nemlineáris programozás'),
(185, '2007-01-17', 'IP alapú hálózatok'),
(187, '2007-01-08', 'Programrendszerek fejlesztése'),
(188, '2007-01-18', 'Szoftvertesztelés alapjai'),
(189, '2007-01-12', 'Mesterséges intelligencia'),
(190, '2006-12-21', 'Optimalizálás'),
(191, '2007-01-03', 'Operációs rendszerek'),
(192, '2006-12-29', 'Gazdaságinformatikai rendszerek'),
(194, '2006-12-19', 'Rendszerfejlesztés'),
(195, '2006-12-29', 'Adatbázisok elmélete'),
(196, '2007-01-08', 'Mesterséges intelligencia'),
(197, '2006-12-29', 'Térinformatika'),
(199, '2007-01-11', 'Multimédia'),
(200, '2007-01-12', 'Rendszerfejlesztés'),
(201, '2006-12-19', 'Operációkutatás'),
(202, '2007-01-12', 'Számítógép hálózatok'),
(203, '2006-12-29', 'Szoftverfejlesztés'),
(204, '2006-12-18', 'Multimédia'),
(205, '2007-01-02', 'Gépi tanulási módszerek'),
(207, '2006-12-20', 'Fordítóprogramok'),
(208, '2007-01-04', 'Fordítóprogramok'),
(209, '2006-12-18', 'Digitális képfeldolgozás'),
(210, '2007-01-22', 'Gráfelméleti algoritmusok'),
(211, '2006-12-28', 'Adatbázisok elmélete'),
(213, '2006-12-22', 'Formális nyelvek'),
(214, '2006-12-21', 'Digitális képfeldolgozás'),
(215, '2007-01-09', 'Operációkutatás'),
(219, '2007-01-22', 'Rendszerfejlesztés'),
(220, '2007-01-04', 'Gazdaságinformatikai rendszerek'),
(221, '2007-01-04', 'Operációs rendszerek'),
(222, '2007-01-08', 'Nemlineáris programozás'),
(223, '2007-01-09', 'Webtervezés'),
(224, '2006-12-21', 'Rendszerfejlesztés'),
(225, '2007-01-15', 'Szoftverfejlesztés'),
(226, '2007-01-24', 'Digitális képfeldolgozás'),
(227, '2007-01-05', 'Multimédia'),
(228, '2006-12-18', 'Operációs rendszerek'),
(229, '2007-01-11', 'Assembly programozás'),
(230, '2007-01-03', 'Adatbázisok'),
(231, '2007-01-23', 'Adatbázisok'),
(232, '2006-12-22', 'Programozási módszerek'),
(233, '2006-12-21', 'Logika és alkalmazásai'),
(234, '2007-01-16', 'Mesterséges intelligencia'),
(235, '2006-12-28', 'Optimalizálás'),
(236, '2007-01-16', 'Alkalmazás fejlesztés'),
(237, '2006-12-18', 'Mesterséges intelligencia'),
(238, '2006-12-19', 'Optimalizálás'),
(239, '2006-12-19', 'Számítógép hálózatok'),
(240, '2007-01-23', 'Digitális képfeldolgozás'),
(241, '2007-01-09', 'Dinamikus logika'),
(242, '2006-12-18', 'Algoritmusok és adatszerkezetek'),
(243, '2007-01-12', 'Webtervezés'),
(244, '2007-01-09', 'Fordítóprogramok'),
(245, '2007-01-19', 'Adatbázisok'),
(246, '2006-12-27', 'Gazdaságinformatikai rendszerek'),
(247, '2007-01-18', 'Gráfelméleti algoritmusok'),
(248, '2006-12-21', 'Adatbázisok elmélete'),
(249, '2006-12-19', 'Operációkutatás'),
(250, '2007-01-18', 'Nemlineáris programozás'),
(251, '2007-01-09', 'Gráfelméleti algoritmusok'),
(252, '2006-12-19', 'Tesztelési módszerek'),
(253, '2007-01-09', 'Assembly programozás'),
(254, '2006-12-20', 'Rendszerfejlesztés'),
(256, '2007-01-05', 'Adatbázisok elmélete'),
(257, '2007-01-24', 'Digitális képfeldolgozás'),
(259, '2007-01-16', 'Számítógép hálózatok'),
(260, '2007-01-23', 'Nemlineáris programozás'),
(261, '2007-01-05', 'Szoftvertesztelés alapjai'),
(262, '2007-01-04', 'Adatbázisok'),
(263, '2007-01-23', 'Optimalizálás'),
(264, '2007-01-26', 'Digitális képfeldolgozás'),
(265, '2007-01-24', 'Operációkutatás'),
(266, '2007-01-19', 'Térinformatika'),
(267, '2007-01-18', 'Logikai programozás'),
(268, '2007-01-24', 'Programrendszerek fejlesztése'),
(269, '2007-01-03', 'Assembly programozás'),
(270, '2006-12-27', 'Rendszerfejlesztés'),
(271, '2006-12-27', 'Gazdaságinformatikai rendszerek'),
(273, '2007-01-03', 'Programrendszerek fejlesztése'),
(274, '2007-01-03', 'Digitális képfeldolgozás'),
(276, '2006-12-29', 'Térinformatika'),
(277, '2006-12-22', 'Webtervezés'),
(278, '2007-01-25', 'Nemlineáris programozás'),
(279, '2006-12-19', 'Optimalizálás'),
(280, '2007-01-03', 'Térinformatika'),
(281, '2007-01-18', 'Irányítástechnika'),
(284, '2007-01-17', 'IP alapú hálózatok'),
(286, '2007-01-12', 'Rendszerfejlesztés'),
(287, '2006-12-21', 'Rendszerfejlesztés'),
(288, '2006-12-28', 'Adatbázisok elmélete'),
(289, '2007-01-22', 'Webtervezés'),
(290, '2007-01-03', 'Adatbázisok elmélete'),
(291, '2006-12-19', 'Programozási módszerek'),
(292, '2007-01-23', 'Webtervezés'),
(293, '2007-01-17', 'Szoftverfejlesztés'),
(294, '2006-12-21', 'Algoritmusok és adatszerkezetek'),
(295, '2007-01-23', 'Programozási módszerek'),
(296, '2007-01-25', 'Gépi tanulási módszerek'),
(297, '2007-01-02', 'Optimalizálás'),
(298, '2007-01-22', 'Digitális képfeldolgozás'),
(299, '2007-01-17', 'Programrendszerek fejlesztése'),
(300, '2007-01-12', 'Szoftvertesztelés alapjai'),
(301, '2007-01-17', 'Gazdaságinformatikai rendszerek'),
(303, '2007-01-19', 'Webtervezés'),
(304, '2007-01-11', 'Operációs rendszerek'),
(305, '2007-01-22', 'Optimalizálás'),
(306, '2007-01-15', 'Szoftverfejlesztés'),
(307, '2006-12-27', 'Dinamikus logika'),
(308, '2006-12-27', 'Formális nyelvek'),
(309, '2007-01-24', 'Assembly programozás'),
(310, '2007-01-02', 'Logika és alkalmazásai'),
(311, '2006-12-22', 'Gazdaságinformatikai rendszerek'),
(312, '2006-12-27', 'Dinamikus logika'),
(313, '2006-12-22', 'Digitális képfeldolgozás'),
(314, '2007-01-18', 'Algoritmusok és adatszerkezetek'),
(315, '2007-01-25', 'Szoftvertesztelés alapjai'),
(316, '2007-01-08', 'Irányítástechnika'),
(317, '2007-01-25', 'Nemlineáris programozás'),
(318, '2007-01-19', 'Rendszerfejlesztés'),
(319, '2007-01-02', 'Dinamikus logika'),
(320, '2006-12-19', 'Formális nyelvek'),
(322, '2007-01-11', 'Operációs rendszerek'),
(323, '2007-01-26', 'Programozási módszerek'),
(324, '2007-01-12', 'Operációs rendszerek'),
(325, '2006-12-18', 'Gazdaságinformatikai rendszerek'),
(326, '2006-12-19', 'Gráfelméleti algoritmusok'),
(327, '2007-01-17', 'Játékelmélet'),
(329, '2007-01-26', 'Logikai programozás'),
(330, '2006-12-21', 'Programozási módszerek'),
(331, '2007-01-04', 'Dinamikus logika'),
(332, '2007-01-25', 'Térinformatika'),
(333, '2007-01-25', 'Webtervezés'),
(334, '2007-01-10', 'Operációkutatás'),
(335, '2007-01-18', 'Szoftvertesztelés alapjai'),
(336, '2007-01-19', 'Rendszerfejlesztés'),
(337, '2006-12-19', 'Adatbázisok'),
(338, '2007-01-26', 'Alkalmazás fejlesztés'),
(339, '2007-01-08', 'Nemlineáris programozás'),
(341, '2006-12-18', 'Rendszerfejlesztés'),
(342, '2006-12-22', 'Gráfelméleti algoritmusok'),
(343, '2006-12-27', 'Szoftvertesztelés alapjai'),
(344, '2007-01-09', 'Digitális képfeldolgozás'),
(345, '2007-01-09', 'Programozási módszerek'),
(346, '2007-01-22', 'Tesztelési módszerek'),
(347, '2007-01-25', 'Térinformatika'),
(349, '2006-12-18', 'Térinformatika'),
(351, '2007-01-05', 'Formális nyelvek'),
(352, '2006-12-29', 'Mesterséges intelligencia'),
(353, '2007-01-05', 'Assembly programozás'),
(354, '2007-01-04', 'Szoftverfejlesztés'),
(355, '2007-01-05', 'Tesztelési módszerek'),
(356, '2007-01-22', 'Irányítástechnika'),
(357, '2007-01-26', 'Gráfelméleti algoritmusok'),
(358, '2007-01-17', 'Logika és alkalmazásai'),
(359, '2006-12-18', 'Operációkutatás'),
(360, '2007-01-22', 'Tesztelési módszerek'),
(361, '2007-01-16', 'Digitális képfeldolgozás'),
(362, '2007-01-25', 'Gazdaságinformatikai rendszerek'),
(363, '2006-12-20', 'Multimédia'),
(364, '2007-01-25', 'IP alapú hálózatok'),
(365, '2006-12-21', 'Multimédia'),
(366, '2006-12-18', 'Térinformatika'),
(367, '2007-01-18', 'Adatbázisok elmélete'),
(368, '2006-12-22', 'Tesztelési módszerek'),
(369, '2007-01-22', 'Algoritmusok és adatszerkezetek'),
(370, '2007-01-24', 'Logikai programozás'),
(371, '2007-01-11', 'Dinamikus logika'),
(372, '2006-12-19', 'Szoftverfejlesztés'),
(373, '2007-01-15', 'Operációs rendszerek'),
(374, '2007-01-15', 'Nemlineáris programozás'),
(375, '2006-12-29', 'Gráfelméleti algoritmusok'),
(376, '2007-01-26', 'Dinamikus logika'),
(378, '2007-01-08', 'Formális nyelvek'),
(379, '2007-01-17', 'Operációkutatás'),
(380, '2007-01-26', 'Szoftverfejlesztés'),
(381, '2006-12-20', 'IP alapú hálózatok'),
(382, '2007-01-02', 'Tesztelési módszerek'),
(384, '2006-12-18', 'Algoritmusok és adatszerkezetek'),
(385, '2007-01-09', 'Assembly programozás'),
(386, '2006-12-19', 'Szoftvertesztelés alapjai'),
(387, '2007-01-08', 'Fordítóprogramok'),
(388, '2007-01-23', 'Tesztelési módszerek'),
(389, '2007-01-19', 'Multimédia'),
(391, '2007-01-25', 'IP alapú hálózatok'),
(392, '2007-01-03', 'Formális nyelvek'),
(393, '2007-01-09', 'Adatbázisok elmélete'),
(394, '2007-01-19', 'IP alapú hálózatok'),
(395, '2006-12-18', 'Multimédia'),
(397, '2007-01-24', 'Dinamikus logika'),
(398, '2006-12-18', 'Adatbázisok elmélete'),
(399, '2007-01-22', 'Szoftverfejlesztés'),
(400, '2007-01-12', 'Mesterséges intelligencia'),
(402, '2007-01-09', 'IP alapú hálózatok'),
(403, '2007-01-23', 'Operációs rendszerek'),
(404, '2007-01-24', 'Szoftverfejlesztés'),
(405, '2006-12-18', 'Irányítástechnika'),
(407, '2007-01-17', 'Mesterséges intelligencia'),
(408, '2007-01-26', 'Adatbázisok elmélete'),
(409, '2007-01-19', 'Logika és alkalmazásai'),
(410, '2007-01-23', 'Assembly programozás'),
(411, '2007-01-11', 'Operációkutatás'),
(412, '2006-12-20', 'Gráfelméleti algoritmusok'),
(413, '2007-01-26', 'Algoritmusok és adatszerkezetek'),
(414, '2007-01-11', 'Nemlineáris programozás'),
(415, '2007-01-15', 'Gráfelméleti algoritmusok'),
(416, '2007-01-15', 'Rendszerfejlesztés'),
(417, '2006-12-29', 'Operációs rendszerek'),
(418, '2007-01-02', 'Alkalmazás fejlesztés'),
(419, '2007-01-26', 'Mesterséges intelligencia'),
(420, '2007-01-04', 'Dinamikus logika'),
(421, '2006-12-18', 'Logika és alkalmazásai'),
(422, '2006-12-20', 'Operációs rendszerek'),
(423, '2007-01-03', 'Multimédia'),
(424, '2007-01-16', 'Mesterséges intelligencia'),
(425, '2007-01-12', 'Programozási módszerek'),
(426, '2007-01-17', 'Nemlineáris programozás'),
(427, '2007-01-22', 'Assembly programozás'),
(429, '2006-12-29', 'Irányítástechnika'),
(430, '2007-01-16', 'Programrendszerek fejlesztése'),
(431, '2007-01-04', 'Assembly programozás'),
(432, '2007-01-12', 'Szoftvertesztelés alapjai'),
(433, '2007-01-11', 'Algoritmusok és adatszerkezetek'),
(434, '2007-01-09', 'Digitális képfeldolgozás'),
(435, '2007-01-11', 'Optimalizálás'),
(436, '2007-01-02', 'Játékelmélet'),
(437, '2007-01-02', 'Irányítástechnika'),
(438, '2007-01-18', 'Térinformatika'),
(439, '2006-12-20', 'Fordítóprogramok'),
(440, '2007-01-15', 'Térinformatika'),
(441, '2006-12-22', 'Logika és alkalmazásai'),
(442, '2006-12-28', 'Optimalizálás'),
(443, '2007-01-18', 'Logika és alkalmazásai'),
(444, '2007-01-03', 'Alkalmazás fejlesztés');
